Cluster	ID
WP_121606831.1	WP_121527365.1
WP_121606831.1	WP_216980592.1
WP_121606831.1	WP_261155103.1
WP_121606831.1	WP_166734939.1
ACZ02435.2	AUT31200.1
WP_103723740.1	WP_103723740.1
HDI5423157.1	HDI5423157.1
EEK0819011.1	EEK0819011.1
EIH4219906.1	EIH4219906.1
EAS3589530.1	EAS3589530.1
AXH01352.1	AXH01352.1
WP_250146940.1	WP_250146940.1
HBV4476357.1	EIN2149438.1
HBV4476357.1	WP_172440216.1
HBV4476357.1	HCB3859488.1
HBV4476357.1	HAK9763836.1
HBV4476357.1	EIP5203273.1
HBV4476357.1	HCB2742265.1
HBV4476357.1	HBH4550778.1
HBV4476357.1	EAO0137503.1
HBV4476357.1	HAK1661112.1
HBV4476357.1	HBL6009756.1
HBV4476357.1	HCB3046995.1
HBV4476357.1	EAU6648726.1
HBV4476357.1	EJC2695359.1
HBV4476357.1	EIQ4936887.1
HBV4476357.1	EIF5978979.1
HBV4476357.1	EEA6661882.1
HBV4476357.1	HAU6495009.1
HBV4476357.1	ECX1576247.1
HBV4476357.1	ECM7612031.1
HBV4476357.1	EBE3485801.1
HBV4476357.1	HDK8776770.1
BAL43178.1	BAL43178.1
EAS3682465.1	EAS3682465.1
KHH90040.1	KHH90040.1
EAU4709800.1	EAU4709800.1
AMJ32643.1	AMJ32643.1
WP_231367056.1	WP_231367056.1
EBK4484970.1	EBK4484970.1
EEL8259274.1	EEL8259274.1
WP_181913051.1	WP_267397261.1
EAM9441251.1	EAM9441251.1
EIV6710179.1	HBQ7843270.1
EIV6710179.1	WFP34009.1
EIV6710179.1	KDF27411.1
HDG1164874.1	HDG1169320.1
HDG1164874.1	HDG1164877.1
AMJ38479.1	AMJ38479.1
WP_071198803.1	KOR00200.1
WP_071198803.1	KMK20532.1
WP_071198803.1	WP_072062371.1
WP_071198803.1	KMK15133.1
WP_071198803.1	MBL3694542.1
WP_071198803.1	WP_072064791.1
WP_071198803.1	EKV6246446.1
WP_071198803.1	WP_048252323.1
WP_071198803.1	KJM67215.1
WP_071198803.1	WP_048273893.1
WP_071198803.1	WP_048286820.1
WP_071198803.1	WP_086499368.1
EJN1327225.1	EJN1327225.1
AXH01354.1	AXH01354.1
HBU6171085.1	HBU6171085.1
AMJ36788.1	AMJ36788.1
HAU4540186.1	HAU4540186.1
HAS0927381.1	HBM2866918.1
HAS0927381.1	TAT59769.1
EAY9148705.1	EAY9148705.1
EDM8468614.1	WP_282873829.1
EDM8468614.1	MDG2633021.1
EDM8468614.1	MKU81665.1
EDM8468614.1	HBD3842157.1
EDM8468614.1	ECK0549378.1
EDM8468614.1	AMJ32734.1
RDT64050.1	RDT64050.1
HBC9558584.1	HBC9558584.1
AMP57831.1	AMP57831.1
WP_239747259.1	WP_253745642.1
WP_239747259.1	EKF5447541.1
WP_239747259.1	WP_196234314.1
WP_239747259.1	EFP7567780.1
WP_239747259.1	EFW3143602.1
WP_239747259.1	EJN7794853.1
WP_239747259.1	WP_114147571.1
WP_239747259.1	WP_062623985.1
WP_239747259.1	WP_073972255.1
WP_239747259.1	WP_241500608.1
WP_239747259.1	WP_065789231.1
WP_239747259.1	EFW0789230.1
WP_239747259.1	EFQ0272610.1
WP_239747259.1	EFX7485641.1
WP_239747259.1	WP_240093217.1
WP_239747259.1	WP_245103342.1
WP_239747259.1	EHK3996482.1
WP_239747259.1	EFB7631169.1
WP_239747259.1	EJN7794929.1
WP_239747259.1	WP_065772087.1
WP_239747259.1	EIX8060429.1
WP_239747259.1	HAO4705766.1
WP_239747259.1	HAP2461852.1
WP_239747259.1	WP_085842031.1
WP_239747259.1	HCQ7498635.1
WP_239747259.1	AKO22311.1
WP_239747259.1	WP_117240099.1
WP_239747259.1	HAH1729539.1
WP_239747259.1	WP_269452580.1
WP_239747259.1	EKG3413183.1
WP_239747259.1	WP_129901700.1
WP_239747259.1	HCT6512711.1
WP_239747259.1	WP_248868657.1
WP_239747259.1	WP_064764965.1
WP_239747259.1	WP_117105125.1
WP_239747259.1	WP_223597840.1
WP_239747259.1	EFO6448036.1
WP_239747259.1	WP_202850192.1
WP_239747259.1	HCD2834369.1
WP_239747259.1	WP_231540412.1
WP_239747259.1	EJC2729535.1
WP_239747259.1	GLG76208.1
WP_239747259.1	HBN5443040.1
WP_239747259.1	WP_268556664.1
WP_239747259.1	WP_089078568.1
WP_239747259.1	EIW8905782.1
WP_239747259.1	WP_150003992.1
WP_239747259.1	WP_015328232.1
WP_239747259.1	WP_001334766.1
WP_239747259.1	WP_135938323.1
WP_239747259.1	WP_227760479.1
WP_239747259.1	VAU28796.1
WP_239747259.1	EHM3127283.1
WP_239747259.1	HCR8660396.1
WP_239747259.1	WP_227798937.1
WP_239747259.1	HCM7711380.1
WP_239747259.1	WP_117148514.1
WP_239747259.1	HBK9118606.1
WP_239747259.1	HBT7341502.1
WP_239747259.1	ADI33309.1
WP_239747259.1	CAE6180605.1
WP_239747259.1	ACQ41895.1
WP_239747259.1	AVR60364.1
WP_239747259.1	WP_077137110.1
WP_239747259.1	HBL5178013.1
WP_239747259.1	EIW9165113.1
WP_239747259.1	HAL9848330.1
WP_239747259.1	HCR5849301.1
WP_239747259.1	EFZ1092179.1
WP_239747259.1	WP_152062552.1
WP_239747259.1	SJF72150.1
WP_239747259.1	EJE9811350.1
WP_239747259.1	WP_104074266.1
WP_239747259.1	HBT7148733.1
WP_239747259.1	HCT6040797.1
WP_239747259.1	HAS1303535.1
WP_239747259.1	HBZ3205588.1
WP_239747259.1	WP_117115783.1
WP_239747259.1	EKM3925626.1
WP_239747259.1	AZK52945.1
WP_239747259.1	WP_152044346.1
WP_239747259.1	WP_232551847.1
WP_239747259.1	EFX2942430.1
WP_239747259.1	WP_274671242.1
WP_239747259.1	HCS3715058.1
WP_239747259.1	WP_181715597.1
WP_239747259.1	HBR8264854.1
WP_239747259.1	HAY0684144.1
WP_239747259.1	ACX70184.1
WP_239747259.1	HCR8656323.1
WP_239747259.1	WP_121915449.1
WP_239747259.1	MDF78348.1
WP_239747259.1	QXR26004.1
WP_239747259.1	EFW2458000.1
WP_239747259.1	WP_285276649.1
WP_239747259.1	HBX3573159.1
WP_239747259.1	WP_263476534.1
WP_239747259.1	HCS6930451.1
WP_239747259.1	HCJ2438916.1
WP_239747259.1	HCS2878730.1
WP_239747259.1	EFW9083749.1
WP_239747259.1	HBI3706674.1
WP_239747259.1	EFV7027088.1
WP_239747259.1	HBQ0860978.1
WP_239747259.1	EFX3974828.1
WP_239747259.1	WP_110612827.1
WP_239747259.1	WP_252796501.1
WP_239747259.1	EFP7105693.1
WP_239747259.1	HCC5883317.1
WP_239747259.1	HBW9798827.1
WP_239747259.1	EFB3563887.1
WP_239747259.1	WP_247189967.1
WP_239747259.1	HDP0987331.1
WP_239747259.1	WP_117023677.1
WP_239747259.1	EGN7203254.1
WP_239747259.1	WP_094168942.1
WP_239747259.1	HCR5477513.1
WP_239747259.1	HBW4271612.1
WP_239747259.1	HBZ3568955.1
WP_239747259.1	HCS3874783.1
WP_239747259.1	EFB3521361.1
WP_239747259.1	MBJ0297075.1
WP_239747259.1	HBT5810896.1
WP_239747259.1	EFW4489952.1
WP_239747259.1	ABB99435.1
WP_239747259.1	EIX9621432.1
WP_239747259.1	EFZ8843837.1
WP_239747259.1	HCS2626358.1
WP_239747259.1	WP_156670365.1
WP_239747259.1	WP_118972044.1
WP_239747259.1	HBK7909423.1
WP_239747259.1	HCR5861233.1
WP_239747259.1	EFW9083763.1
WP_239747259.1	HBX3824723.1
WP_239747259.1	HCQ8681773.1
WP_239747259.1	EGX7826018.1
WP_239747259.1	HAM5716714.1
WP_239747259.1	WP_115834586.1
WP_239747259.1	HAS1445969.1
WP_239747259.1	HDG5160052.1
WP_239747259.1	HAS1559421.1
WP_239747259.1	HBM8225318.1
WP_239747259.1	WP_106482772.1
WP_239747259.1	EJJ9449159.1
WP_239747259.1	MDJ2945214.1
WP_239747259.1	EHF0912180.1
WP_239747259.1	HBL7443749.1
WP_239747259.1	EFY3376714.1
WP_239747259.1	BCL06989.1
WP_239747259.1	CCF70757.1
WP_239747259.1	HBY2070124.1
WP_239747259.1	HAX5716791.1
WP_239747259.1	HBX1626507.1
WP_239747259.1	HBX1678927.1
WP_239747259.1	WP_112354762.1
WP_239747259.1	EJN9623923.1
WP_239747259.1	WP_253962070.1
WP_239747259.1	HAH1774277.1
WP_239747259.1	HCS3215549.1
WP_239747259.1	WP_137461863.1
WP_239747259.1	EFB3502319.1
WP_239747259.1	HDB9483969.1
WP_239747259.1	WP_247141121.1
WP_239747259.1	HCU5283323.1
WP_239747259.1	EFP9981003.1
WP_239747259.1	HDF7256154.1
WP_239747259.1	HCS3428854.1
WP_239747259.1	EGU6829226.1
WP_239747259.1	WP_100117392.1
WP_239747259.1	EKW4694146.1
WP_239747259.1	EKV3971733.1
WP_239747259.1	HCN2307699.1
WP_239747259.1	HBZ5258834.1
WP_239747259.1	WP_201507552.1
WP_239747259.1	HCJ2334109.1
WP_239747259.1	HCS2634365.1
WP_239747259.1	EFP7039824.1
WP_239747259.1	HCR0427992.1
WP_239747259.1	EFW8279797.1
WP_239747259.1	HBT4209359.1
WP_239747259.1	EFY5378541.1
WP_239747259.1	EFZ6405632.1
WP_239747259.1	EFV8039213.1
WP_239747259.1	WP_168377028.1
WP_239747259.1	EIW9077633.1
WP_239747259.1	HBZ2105644.1
WP_239747259.1	HBT0672865.1
WP_239747259.1	HCR6477428.1
WP_239747259.1	WP_087850009.1
WP_239747259.1	HBY5051213.1
WP_239747259.1	HCR7098463.1
WP_239747259.1	WP_160348368.1
WP_239747259.1	HAY0923893.1
WP_239747259.1	HCD5206780.1
WP_239747259.1	EKS2175580.1
WP_239747259.1	WP_069280711.1
WP_239747259.1	HBY1945115.1
WP_239747259.1	HBE4194999.1
WP_239747259.1	HCS3882828.1
WP_239747259.1	HAU9297695.1
WP_239747259.1	HCR0795271.1
WP_239747259.1	EKT5722179.1
WP_239747259.1	HAS1933744.1
WP_239747259.1	WP_192958473.1
WP_239747259.1	AJW28746.1
WP_239747259.1	4MLL_A
WP_239747259.1	1M6K_A
WP_239747259.1	EFH5484080.1
WP_239747259.1	HCS3412848.1
WP_239747259.1	EJF0469216.1
WP_239747259.1	HBE7417352.1
WP_239747259.1	EFY5063264.1
WP_239747259.1	HBC1350987.1
WP_239747259.1	GKM19344.1
WP_239747259.1	HBB6097379.1
WP_239747259.1	HAX6288847.1
WP_239747259.1	EFX3222966.1
WP_239747259.1	HCJ1244533.1
WP_239747259.1	HAF9873976.1
WP_239747259.1	EGC9061674.1
WP_239747259.1	HAK1717266.1
WP_239747259.1	WP_230514961.1
WP_239747259.1	HBK0953514.1
WP_239747259.1	EKV7803754.1
WP_239747259.1	HBU7379242.1
WP_239747259.1	EFY6678116.1
WP_239747259.1	HBT7841749.1
WP_239747259.1	WP_213748392.1
WP_239747259.1	HBW4271606.1
WP_239747259.1	EJM7925182.1
WP_239747259.1	HAH1359023.1
WP_239747259.1	EKU7615527.1
WP_239747259.1	HBW9815005.1
WP_239747259.1	WP_273960671.1
WP_239747259.1	WP_221078240.1
WP_239747259.1	HCR0729063.1
WP_239747259.1	HBS7769829.1
WP_239747259.1	HBW9788020.1
WP_239747259.1	EFV9414018.1
WP_239747259.1	WP_241222708.1
WP_239747259.1	EKS0338831.1
WP_239747259.1	HCR6265208.1
WP_239747259.1	EJT3143737.1
WP_239747259.1	HCR7004727.1
WP_239747259.1	EJD1554393.1
WP_239747259.1	EFY0979170.1
WP_239747259.1	EFY5143591.1
WP_239747259.1	EFY7656746.1
WP_239747259.1	HBA5852475.1
WP_239747259.1	HCR6561612.1
WP_239747259.1	WP_181713519.1
WP_239747259.1	HAX6205691.1
WP_239747259.1	MCC1705816.1
WP_239747259.1	WP_228972878.1
WP_239747259.1	EHE3984581.1
WP_239747259.1	EFV6443559.1
WP_239747259.1	HBV6849656.1
WP_239747259.1	WP_285208671.1
WP_239747259.1	QIC01573.1
WP_239747259.1	HBB2743414.1
WP_239747259.1	EFY2082859.1
WP_239747259.1	HBW9750710.1
WP_239747259.1	HCH8553157.1
WP_239747259.1	WP_284948454.1
WP_239747259.1	HCE0034135.1
WP_239747259.1	HBT5548012.1
WP_239747259.1	HCS2796646.1
WP_239747259.1	HCS2602554.1
WP_239747259.1	HBN2588265.1
WP_239747259.1	EGN5648305.1
WP_239747259.1	HAJ2664251.1
WP_239747259.1	HCG0449201.1
WP_239747259.1	HAH5228516.1
WP_239747259.1	WP_258742076.1
WP_239747259.1	HBB1191515.1
WP_239747259.1	WP_250180597.1
WP_239747259.1	HAU6500532.1
WP_239747259.1	EFW1461548.1
WP_239747259.1	HCK5666259.1
WP_239747259.1	EIW9361713.1
WP_239747259.1	WP_181239755.1
WP_239747259.1	HBO7267971.1
WP_239747259.1	HCS2765413.1
WP_239747259.1	HBK0953512.1
WP_239747259.1	WP_231869587.1
WP_239747259.1	EHX5670493.1
WP_239747259.1	GKJ47411.1
WP_239747259.1	EIW9165146.1
WP_239747259.1	HCT5800981.1
WP_239747259.1	WP_268766011.1
WP_239747259.1	WP_032491311.1
WP_239747259.1	EFW1981785.1
WP_239747259.1	HDP7023647.1
WP_239747259.1	EIW8663168.1
WP_239747259.1	HCC5998091.1
WP_239747259.1	WP_096897125.1
WP_239747259.1	EKQ9412157.1
WP_239747259.1	HCR6028677.1
WP_239747259.1	HCC6401020.1
WP_239747259.1	HAS1559420.1
WP_239747259.1	CAJ29561.1
WP_239747259.1	HCQ4769016.1
WP_239747259.1	HCR7320730.1
WP_239747259.1	HCR1128046.1
WP_239747259.1	HBY6256060.1
WP_239747259.1	WP_112018385.1
WP_239747259.1	EHE8328633.1
WP_239747259.1	EKQ9267075.1
WP_239747259.1	EIW8663171.1
WP_239747259.1	EFH2879797.1
WP_239747259.1	HCL6955413.1
WP_239747259.1	WP_206512083.1
WP_239747259.1	QDE47052.1
WP_239747259.1	HAS1509649.1
WP_239747259.1	CAA08843.1
WP_239747259.1	HBB8100285.1
WP_239747259.1	WP_065764088.1
WP_239747259.1	HCT8467822.1
WP_239747259.1	HBR8152915.1
WP_239747259.1	WP_265715910.1
WP_239747259.1	EFD0416305.1
WP_239747259.1	HBT6157861.1
WP_239747259.1	HCT8622168.1
WP_239747259.1	BDV20281.1
WP_239747259.1	HBH9703207.1
WP_239747259.1	EHE8648460.1
WP_239747259.1	HAS1933745.1
WP_239747259.1	EFB6754176.1
WP_239747259.1	WP_271974221.1
WP_239747259.1	EFH7867348.1
WP_239747259.1	EIW9165107.1
WP_239747259.1	EFY4137491.1
WP_239747259.1	EFH7760626.1
WP_239747259.1	EKX0048869.1
WP_239747259.1	HAM6049028.1
WP_239747259.1	WP_121909198.1
WP_239747259.1	WP_063862622.1
WP_239747259.1	HBV7958765.1
WP_239747259.1	HDL0057953.1
WP_239747259.1	HCB2411823.1
WP_239747259.1	EIV5112609.1
WP_239747259.1	WP_159172244.1
WP_239747259.1	EIW9165109.1
WP_239747259.1	HDB9483971.1
WP_239747259.1	EFW3143600.1
WP_239747259.1	HCE0097710.1
WP_239747259.1	HCR5593629.1
WP_239747259.1	HCE0547778.1
WP_239747259.1	HCK7208405.1
WP_239747259.1	AGY30813.1
WP_239747259.1	HBX1795629.1
WP_239747259.1	EFY0980186.1
WP_239747259.1	WP_179108530.1
WP_239747259.1	HCO1726984.1
WP_239747259.1	EFV8718859.1
WP_239747259.1	WP_063861812.1
WP_239747259.1	WP_275484693.1
WP_239747259.1	HAS1559419.1
WP_239747259.1	HBW1360711.1
WP_239747259.1	CAB41446.1
WP_239747259.1	EIB6667973.1
WP_239747259.1	HBS4017795.1
WP_239747259.1	WP_032490053.1
WP_239747259.1	HAY2856632.1
WP_239747259.1	HBE0296221.1
WP_239747259.1	HCK0798739.1
WP_239747259.1	EJG9718866.1
WP_239747259.1	EFV8039206.1
WP_239747259.1	HBT2126823.1
WP_239747259.1	EJJ6077532.1
WP_239747259.1	HBM2060514.1
WP_239747259.1	WP_285207592.1
WP_239747259.1	EJB5361504.1
WP_239747259.1	HBW9185148.1
WP_239747259.1	EFV8488282.1
WP_239747259.1	HCD7116363.1
WP_239747259.1	EKW8544898.1
WP_239747259.1	EIW9165145.1
WP_239747259.1	HCR6992858.1
WP_239747259.1	WP_187947974.1
WP_239747259.1	WP_248963068.1
WP_239747259.1	ABY55282.1
WP_239747259.1	WAO25920.1
WP_239747259.1	HBE3904810.1
WP_239747259.1	EFV7324595.1
WP_239747259.1	MDF6296990.1
WP_239747259.1	PAT27700.1
WP_239747259.1	QGJ03528.1
WP_239747259.1	ALL27279.1
WP_239747259.1	ALL27281.1
WP_239747259.1	HAO3383049.1
WP_239747259.1	HBL7171524.1
WP_239747259.1	ALL27282.1
WP_239747259.1	WCD68777.1
WP_239747259.1	QWY97096.1
WP_239747259.1	AFF27545.1
WP_239747259.1	AAG23871.1
WP_239747259.1	APR62485.1
WP_239747259.1	EGI8077956.1
WP_239747259.1	WP_032490448.1
WP_239747259.1	AXQ85785.1
WP_239747259.1	EJO0341820.1
WP_239747259.1	EFX7572647.1
WP_239747259.1	HBT3160866.1
WP_239747259.1	EKW1684892.1
WP_239747259.1	WP_063864092.1
WP_239747259.1	HBP0294486.1
WP_239747259.1	EFX9368591.1
WP_239747259.1	HCD1657526.1
WP_239747259.1	AHA38488.1
WP_239747259.1	WP_110135446.1
WP_239747259.1	EFY1891551.1
WP_239747259.1	EKX9015719.1
WP_239747259.1	WGF23935.1
WP_239747259.1	HBW3703564.1
WP_239747259.1	WP_111780065.1
WP_239747259.1	SRJ57640.1
WP_239747259.1	AHN53052.1
WP_239747259.1	AHJ58873.1
WP_239747259.1	EFX1318114.1
WP_239747259.1	EFN6707207.1
WP_239747259.1	AHJ58874.1
WP_239747259.1	EHW3537188.1
WP_239747259.1	AXE72489.1
WP_239747259.1	HBY5186895.1
WP_239747259.1	ALC74336.1
WP_239747259.1	CEP69049.1
WP_239747259.1	EIV5770155.1
WP_239747259.1	HCC2903206.1
WP_239747259.1	WP_228965129.1
WP_239747259.1	WP_276192454.1
WP_239747259.1	WP_064159477.1
WP_239747259.1	EGI8077144.1
WP_239747259.1	HCS2494819.1
WP_239747259.1	HBW3703395.1
WP_239747259.1	EIW9060737.1
WP_239747259.1	HDE2098022.1
WP_239747259.1	HBY5614227.1
WP_239747259.1	VZR14939.1
WP_239747259.1	HCS3547584.1
WP_239747259.1	HBQ8778836.1
WP_239747259.1	HDG9047442.1
WP_239747259.1	WP_117080076.1
WP_239747259.1	WP_086528400.1
WP_239747259.1	EJK9449348.1
WP_239747259.1	HCS2765423.1
WP_239747259.1	EJD1554409.1
WP_239747259.1	VCZ90641.1
WP_239747259.1	EFQ1278300.1
WP_239747259.1	HAO4674924.1
WP_239747259.1	AHA87052.1
WP_239747259.1	EFH1587663.1
WP_239747259.1	CAE7355247.1
WP_239747259.1	CAE7355245.1
WP_239747259.1	WP_285200218.1
WP_239747259.1	WP_111962799.1
WP_267235167.1	WP_267235167.1
EIR8911294.1	EIR8911294.1
EHM4993623.1	EHM4993623.1
HBH7025785.1	AVA17849.1
WP_166701491.1	WP_166701491.1
AJD77081.1	AJD77081.1
WP_142907802.1	WP_142907802.1
WP_139789498.1	WP_139789498.1
HBX3774709.1	HBX3774709.1
HDQ2825468.1	HDQ2825468.1
WP_050595004.1	WP_050595004.1
EFH9306094.1	EFH9306094.1
EFP5937100.1	EFP5937100.1
EHT5711763.1	EHT5711763.1
HBD4662493.1	HBD4662493.1
HAS1362952.1	MBZ6818016.1
EFB3502337.1	EFB3502337.1
ALL27283.1	ALL27283.1
EJJ7468882.1	EJJ7468882.1
EJI9546592.1	EJI9546592.1
EKU3642859.1	HCF4900968.1
HCI2371224.1	HCI2371224.1
EHD6310750.1	EHD6310750.1
EKW5109045.1	EKW5109045.1
HBY2048159.1	HBY2048159.1
WP_087836322.1	WP_087836322.1
EHB5496171.1	EHB5496171.1
HBU8341244.1	SRQ02318.1
HBU8341244.1	HCD1474717.1
HBU8341244.1	HBT0129228.1
HBU8341244.1	HDE2717803.1
HBU8341244.1	AHK59784.1
HBU8341244.1	APX41421.1
HBU8341244.1	APA33840.1
HBU8341244.1	AYU53889.1
HBU8341244.1	EIX9542482.1
HBU8341244.1	WP_161714168.1
HBU8341244.1	HAG9960124.1
HBU8341244.1	HCR6088288.1
HBU8341244.1	ACA63494.1
HBU8341244.1	EJK7548797.1
HBU8341244.1	HCR8311325.1
HBU8341244.1	HAZ6909525.1
HBU8341244.1	WP_283001982.1
HBU8341244.1	AMP48052.1
HBU8341244.1	WP_163536970.1
HBU8341244.1	HAU6473784.1
HBU8341244.1	EFZ6401596.1
HBU8341244.1	WP_052588121.1
HBU8341244.1	EIX1162099.1
HBU8341244.1	HBW3692278.1
HBU8341244.1	EFY3293190.1
HBU8341244.1	EFQ0540128.1
HBU8341244.1	HAH4053710.1
HBU8341244.1	EFW1951144.1
HBU8341244.1	HAI1411863.1
HBU8341244.1	WP_219122280.1
HBU8341244.1	WP_277263680.1
HBU8341244.1	ONK48885.1
HBU8341244.1	HCO2390531.1
HBU8341244.1	EIX1161315.1
HBU8341244.1	WP_064759894.1
HBU8341244.1	HBQ7559043.1
HBU8341244.1	HBA5366891.1
EGE4461575.1	EGE4461575.1
HBL4956107.1	HBL4956107.1
EFW3143411.1	EFW3143411.1
HBX1668326.1	HBX1668326.1
EFQ5615550.1	EFQ5615550.1
WP_135526602.1	WP_135526602.1
WP_080896641.1	WP_080896641.1
HBN3840645.1	HBN3840645.1
EHD0929011.1	EHD0929011.1
HBS7785559.1	HBS7785559.1
EJD6367217.1	EJD6367217.1
HCS6906133.1	HCS6906133.1
WP_064163937.1	WP_064163937.1
EFH7857766.1	EFH7857766.1
EIW9060649.1	EIW9060649.1
HBX3053414.1	HBX3053414.1
HAU6495016.1	HAU6495016.1
EKE7391407.1	EKE7391407.1
EKN1435649.1	EKN1435649.1
EFP8224214.1	EFP8224214.1
EFS2295374.1	EFS2295374.1
EHP6235404.1	EHP6235404.1
EHI7164880.1	EHI7164880.1
EFX0088252.1	EFX0088252.1
AMK52712.1	AMK52712.1
EHX5645156.1	EHX5645156.1
WP_232798816.1	WP_232798816.1
WP_237160019.1	WP_237160019.1
WP_045912051.1	WP_045912051.1
HDI1662419.1	HDI1662419.1
HAU6473974.1	HAU6473974.1
EFW4060161.1	EFW4060161.1
HAX7721264.1	HAX7721264.1
EIW1731404.1	EIW1731404.1
WP_156850392.1	WP_156850392.1
EHK0691441.1	EHK0691441.1
EFX6233378.1	EFX6233378.1
EJE9811341.1	EJE9811341.1
WP_221693852.1	WP_221693852.1
EFX6233235.1	EFX6233235.1
EIU3128595.1	EIU3128595.1
EHO9808864.1	EHO9808864.1
EFP9030900.1	EFP9030900.1
EBE0866866.1	EBE0866866.1
WEA84596.1	WEA84596.1
EHM2186402.1	EHM2186402.1
EIW6788543.1	EIW6788543.1
RVT51828.1	RVT51828.1
WP_232586762.1	WP_172628486.1
WP_232586762.1	AXQ03975.1
WP_232586762.1	ARF06327.1
WP_232586762.1	ACI29956.1
WP_232586762.1	AXQ03978.1
WP_232586762.1	QZY62550.1
WP_232586762.1	AFN82115.1
WP_232586762.1	AFN82120.1
WP_232586762.1	UZQ22697.1
WP_232586762.1	AFN82117.1
WP_232586762.1	AWU02356.1
WP_232586762.1	VCW16915.1
WP_232586762.1	WDW19331.1
WP_232586762.1	AXU25870.1
WP_232586762.1	UYX76023.1
WP_232586762.1	UYX76026.1
WP_232586762.1	AGS09442.1
WP_232586762.1	QTV22823.1
WP_232586762.1	QTV22821.1
WP_232586762.1	AGS09437.1
WP_232586762.1	AQY04086.1
EHD2984992.1	EHD2984992.1
EKX9230528.1	EKX9230528.1
WP_061403409.1	WP_061403409.1
EFJ3262990.1	EFJ3262990.1
HAI8737710.1	EJH8753447.1
HCE6042214.1	HCE6042214.1
WP_149053610.1	WP_149053610.1
EFI3185393.1	EFI3185393.1
QGX75296.1	QGX75296.1
MBJ4886209.1	EFY6755254.1
EJA8683575.1	EJA8683575.1
WP_204736414.1	WP_204736414.1
WP_135562952.1	WP_135562952.1
EIV9342385.1	EIV9342385.1
EFH7024252.1	EFH7024252.1
OKN41926.1	OKN41926.1
EFP7701201.1	EFP7701201.1
EKC1488622.1	EKC1488622.1
EFW3413579.1	EFW3413579.1
EKL1502729.1	EKL1502729.1
HAO7417039.1	HAO7417039.1
MBK4280531.1	MBK4280531.1
URQ57343.1	URQ57343.1
HBB6012600.1	HBB6012600.1
HCF4900953.1	HCF4900953.1
HBQ7590284.1	HBQ7590284.1
WP_085876699.1	WP_085876699.1
UHK14166.1	UHK14166.1
HCU0615133.1	HCU0615133.1
HCR9930828.1	HCR9930828.1
HBN4456316.1	HBN4456316.1
WP_162500789.1	WP_162500789.1
HDA9715070.1	HDA9715070.1
HBW3731967.1	HBW3731967.1
HCP6450505.1	HCP6450505.1
HDA9814911.1	HCP5254113.1
HCN2355943.1	HCM7352146.1
HCN2355943.1	AQZ41160.1
HCN2355943.1	EFY0706601.1
HCN2355943.1	WP_265342490.1
HCN2355943.1	HBX1678941.1
HCN2355943.1	EAU8065660.1
HCN2355943.1	EBY2101148.1
HCN2355943.1	HBW1424867.1
HCN2355943.1	WP_277611563.1
HCN2355943.1	HBY0843041.1
HCN2355943.1	WP_280234982.1
HCN2355943.1	BDV13417.1
HCN2355943.1	AMP47345.1
HCN2355943.1	WP_277985926.1
HCN2355943.1	EFW8881965.1
HCN2355943.1	WP_275258962.1
HCN2355943.1	EFO3019116.1
HCN2355943.1	WP_252495386.1
HCN2355943.1	HCP5254117.1
HCN2355943.1	EFV6729820.1
HCN2355943.1	WP_247751053.1
HCN2355943.1	HBK9509919.1
HCN2355943.1	HBL0822247.1
HCN2355943.1	WP_269148915.1
HCN2355943.1	WP_251362437.1
HCN2355943.1	WP_276510790.1
HCN2355943.1	EGF3909392.1
HCN2355943.1	WP_247751044.1
HCN2355943.1	WP_259616097.1
HCN2355943.1	WP_264298466.1
HCN2355943.1	WP_276509953.1
AYU88720.1	AYU88720.1
HBU0421852.1	HBU0421852.1
EHR5117783.1	EHR5117783.1
HBI0335718.1	HBI0335718.1
VDA18083.1	VDA18083.1
HBQ8581488.1	HBQ8581488.1
EJS9893501.1	EJS9893501.1
STT04038.1	STT04038.1
WP_269148910.1	WP_269148910.1
HCT2730838.1	HCT2730838.1
WP_252739149.1	WP_252739149.1
AQY04090.1	AQY04090.1
SWK35498.1	SWK35498.1
HAM4983982.1	HAM4983982.1
EKV3151369.1	EKV3151369.1
EFH7774564.1	EFH7774564.1
HBU0421620.1	HBU0421620.1
HAS1485230.1	HAS1485230.1
ESD79872.1	ESD79872.1
EFX5204501.1	EFW8630385.1
EFX5204501.1	HBV4544111.1
EFX5204501.1	EHK8765805.1
EFX5204501.1	WP_275425406.1
EFX5204501.1	EHX5509824.1
EFX5204501.1	HCT2730744.1
EFX5204501.1	EJN1110018.1
EFX5204501.1	EFP8693574.1
EFX5204501.1	EHN4649856.1
EFX5204501.1	HBN3042155.1
EFX5204501.1	HBV4544039.1
EFX5204501.1	EDC2215330.1
EFX5204501.1	EHX5509767.1
EFX5204501.1	HCD8443022.1
EFX5204501.1	HAG8280257.1
EFX5204501.1	EDC2215328.1
EFX5204501.1	EFW9249881.1
EFX5204501.1	HAS1397538.1
EFX5204501.1	EFX6177045.1
EFX5204501.1	EFY4137420.1
EFX5204501.1	WP_262830074.1
EFX5204501.1	EFA3558014.1
EFX5204501.1	EKR1145868.1
EFX5204501.1	HCQ6971716.1
EFX5204501.1	EKV3532419.1
EFX5204501.1	HAU6484529.1
EFX5204501.1	WP_264298468.1
EFX5204501.1	WP_275258961.1
EFX5204501.1	WP_258374470.1
EFX5204501.1	HDP9550605.1
EFX5204501.1	HAG7352882.1
EFX5204501.1	EFA3557929.1
EFX5204501.1	HDQ0394201.1
EFX5204501.1	CDL20848.1
SWV89581.1	SWV89581.1
AWU79117.1	AWU79117.1
AQY04094.1	WP_209472096.1
UQT27892.1	UQT27892.1
EDA8198473.1	EDA8198473.1
AMP56819.1	AMP56819.1
MCV4683328.1	MCV4683328.1
HAW7149264.1	HAW7149264.1
WP_262854416.1	WP_262854416.1
WP_265324412.1	WP_267285024.1
HBQ5313798.1	HBQ5313798.1
WP_265342485.1	WP_265342485.1
HCD4380070.1	HCD4380070.1
WP_250880631.1	WP_250880631.1
HCD1474596.1	HCD1474596.1
EHL6070297.1	HBZ2447609.1
EHL6070297.1	EFB3165179.1
EHL6070297.1	WP_258523186.1
EHL6070297.1	HAW7149110.1
EHL6070297.1	HBU5076104.1
EHL6070297.1	WP_259467836.1
EHL6070297.1	WP_267236534.1
EHL6070297.1	EFX5325926.1
EHL6070297.1	EFP8759346.1
EHL6070297.1	MBJ4995266.1
EHL6070297.1	WP_258533965.1
EHL6070297.1	HCD6746391.1
EHL6070297.1	EFH1563471.1
EHL6070297.1	MBJ5070921.1
EHL6070297.1	MBJ5024010.1
EHL6070297.1	WP_265105110.1
EHL6070297.1	EFX7291573.1
EHL6070297.1	HBS3545782.1
EHL6070297.1	EFV9414014.1
HCD8442954.1	HCD8442954.1
HCT2254903.1	HCT2254903.1
ARQ31709.1	ARQ31709.1
QBH69917.1	MCV5003464.1
QBH69917.1	MCV5349090.1
AVN97899.1	AVN97899.1
HCD5925864.1	HCD5925864.1
HCD5431659.1	HCD5431659.1
HDP9550881.1	HDP9550881.1
HAN3371810.1	HAN3371810.1
MBX9597179.1	TXI99404.1
MBX9597179.1	WP_102950750.1
MCC9396313.1	MCC9396313.1
EFB3521280.1	EFB3521280.1
HBW9163369.1	HBW9163369.1
AHN82500.1	QGK89641.1
AHN82500.1	CAE7290150.1
AHN82500.1	QGK89639.1
AAT46120.1	BCZ50982.1
AAT46120.1	CAE7557661.1
HDR2707870.1	CZV28227.1
HDR2707870.1	MXG35066.1
HDR2707870.1	WP_220120526.1
HDR2707870.1	WP_148400394.1
HDR2707870.1	WP_279240767.1
HDR2707870.1	WP_010427756.1
HDR2707870.1	WP_089600267.1
HDR2707870.1	WP_262187029.1
HDR2707870.1	WP_042715374.1
HDR2707870.1	WP_215230514.1
HDR2707870.1	WP_174341221.1
HDR2707870.1	WP_278436090.1
HDR2707870.1	EKS6730903.1
HDR2707870.1	WP_108417904.1
HDR2707870.1	WP_120159882.1
HDR2707870.1	WP_218402410.1
HDR2707870.1	HCD8182177.1
HDR2707870.1	WP_166712663.1
HDR2707870.1	WP_116344028.1
HDR2707870.1	WP_192984730.1
HDR2707870.1	HDC4774940.1
HDR2707870.1	WP_163331121.1
HDR2707870.1	WP_090419409.1
HDR2707870.1	WP_240067712.1
HDR2707870.1	WP_048990209.1
HDR2707870.1	WP_232932000.1
HDR2707870.1	AMP57132.1
HDR2707870.1	WP_250127581.1
HDR2707870.1	WP_164954692.1
HDR2707870.1	WP_248229303.1
HDR2707870.1	WP_048995868.1
HDR2707870.1	WP_032637705.1
HDR2707870.1	WP_058690324.1
HDR2707870.1	WP_032666209.1
HDR2707870.1	WP_074164678.1
HDR2707870.1	EKI0253232.1
HDR2707870.1	WP_063614396.1
HDR2707870.1	WP_248197184.1
HDR2707870.1	ABF29654.1
HDR2707870.1	WP_023338939.1
HDR2707870.1	WP_264439406.1
HDR2707870.1	WP_013981172.1
HDR2707870.1	WP_252462726.1
HDR2707870.1	WP_047027114.1
HDR2707870.1	HDC4270985.1
HDR2707870.1	WP_063957344.1
HDR2707870.1	HCM9152755.1
HDR2707870.1	WP_058680758.1
HDR2707870.1	AHN82496.1
HDR2707870.1	AAP93850.1
HDR2707870.1	AKP92863.1
HDR2707870.1	AAP93849.1
HDR2707870.1	AKP92862.1
WP_260660266.1	SAC18159.1
WP_260660266.1	WP_287656401.1
WP_260660266.1	WP_149376300.1
WP_260660266.1	WP_232947380.1
WP_260660266.1	WP_073396991.1
WP_260660266.1	WP_086533155.1
WP_260660266.1	WP_025206265.1
WP_260660266.1	WP_086462886.1
WP_260660266.1	WP_079231487.1
WP_260660266.1	AIG20037.1
WP_260660266.1	WP_221716706.1
WP_260660266.1	WP_059306485.1
WP_260660266.1	WP_108647599.1
WP_260660266.1	HDR2736745.1
WP_260660266.1	WP_279240766.1
WP_260660266.1	WP_047355585.1
WP_260660266.1	MRI52076.1
WP_260660266.1	ABF29651.1
WP_260660266.1	WP_228176175.1
WP_260660266.1	HDR2513537.1
WP_260660266.1	WP_050737605.1
WP_260660266.1	WP_014168293.1
WP_260660266.1	WP_241189722.1
WP_260660266.1	WP_223398526.1
WP_260660266.1	EKS7112361.1
WP_260660266.1	WP_259834053.1
WP_260660266.1	WP_119935862.1
WP_260660266.1	ACN91302.1
WP_260660266.1	WP_125914265.1
WP_260660266.1	WP_058660625.1
WP_260660266.1	WP_040020536.1
WP_260660266.1	WP_038984046.1
WP_260660266.1	WP_063859580.1
WP_260660266.1	WP_045902232.1
WP_260660266.1	WP_262789459.1
WP_260660266.1	WP_100168223.1
WP_260660266.1	WP_139937027.1
WP_260660266.1	WP_137849752.1
WP_260660266.1	WP_250021350.1
WP_260660266.1	WP_205919648.1
WP_260660266.1	HAS1172651.1
WP_260660266.1	WP_020688982.1
WP_260660266.1	EKS7428588.1
WP_260660266.1	EGQ7342512.1
WP_260660266.1	HDC4391732.1
WP_260660266.1	WP_155023054.1
WP_260660266.1	WP_219248906.1
WP_260660266.1	WP_161670031.1
WP_260660266.1	HDC4271622.1
WP_260660266.1	WP_094084826.1
WP_260660266.1	VAK79258.1
WP_260660266.1	WP_153689059.1
WP_260660266.1	WP_251853602.1
WP_260660266.1	WP_282483635.1
WP_260660266.1	WP_156404645.1
WP_260660266.1	WP_202561563.1
WP_260660266.1	WP_187170990.1
WP_260660266.1	WP_149896990.1
WP_260660266.1	WP_297122600.1
MDF2965721.1	MDF2965721.1
MDF1678892.1	MDF1678892.1
HBG34470.1	EKE10269.1
WP_275896566.1	WP_275896566.1
WP_232891044.1	QMT60523.1
WP_232891044.1	WP_058469202.1
WP_232891044.1	WP_182349846.1
WP_232891044.1	WP_058519260.1
OGB97659.1	OGB97659.1
MCP3966713.1	MCP3966713.1
OGV35734.1	OGV35734.1
MCC8376915.1	MCC8370226.1
MCC8376915.1	HJD68035.1
MCC8376915.1	WP_011476803.1
MCC8376915.1	WP_266265533.1
MBN9543127.1	MBN9543127.1
MCH9753287.1	MBX9577170.1
MBN9287610.1	MBN9287610.1
OYY59638.1	OYY59638.1
EIE2528649.1	EFY2467176.1
EIE2528649.1	HBZ3717853.1
EIE2528649.1	EIV9343022.1
EIE2528649.1	EFY3707026.1
EIE2528649.1	EFH1621315.1
EIE2528649.1	HAG9916332.1
EIE2528649.1	EFH7055996.1
EIE2528649.1	EFY9004842.1
WP_127616340.1	MDF2369303.1
AYU88716.1	AYU88716.1
WP_181497703.1	WP_201944088.1
WP_181497703.1	WP_216949885.1
WP_181497703.1	WP_187269099.1
WP_181497703.1	WP_158198293.1
WP_181497703.1	WP_279452048.1
WP_181497703.1	WP_204478389.1
WP_181497703.1	WP_209794773.1
WP_181497703.1	WP_017780307.1
WP_181497703.1	WP_268014085.1
WP_181497703.1	BEJ51691.1
WP_181497703.1	WP_270832329.1
WP_181497703.1	WP_021230428.1
WP_181497703.1	AMP48559.1
WP_181497703.1	WP_005307225.1
WP_181497703.1	WP_065480401.1
WP_181497703.1	WP_101150415.1
WP_181497703.1	WP_266109795.1
WP_181497703.1	WP_264818205.1
WP_181497703.1	WP_223956001.1
WP_181497703.1	WP_041212061.1
TXD86682.1	WP_211906902.1
TXD86682.1	WP_028853930.1
TXD86682.1	WP_247417003.1
TXD86682.1	AXW63559.1
TXD86682.1	WP_211905186.1
TXD86682.1	WP_197346213.1
TXD86682.1	WP_197386322.1
TXD86682.1	WP_003274483.1
TXD86682.1	WP_231409988.1
TXD86682.1	WP_197338570.1
TXD86682.1	WP_013207413.1
MVA25963.1	MBF2716959.1
MVA25963.1	WEO72212.1
MVA25963.1	MCF1499776.1
MVA25963.1	MCF1451475.1
MVA25963.1	WP_197970825.1
MVA25963.1	WP_115419869.1
MVA25963.1	WP_091921623.1
MVA25963.1	WP_282407591.1
MVA25963.1	WP_219328756.1
MVA25963.1	WP_070280634.1
MVA25963.1	WP_099387959.1
MVA25963.1	WP_151095837.1
MVA25963.1	WP_092709110.1
MVA25963.1	OHV96961.1
MVA25963.1	WP_278316097.1
MVA25963.1	WP_086145423.1
MVA25963.1	WP_102296775.1
MVA25963.1	WP_244642509.1
MVA25963.1	WP_300759833.1
MVA25963.1	MBU2486461.1
MVA25963.1	WP_267654462.1
MVA25963.1	WP_269388140.1
MVA25963.1	WP_047031894.1
MVA25963.1	WP_290779715.1
MVA25963.1	MBS7699789.1
MVA25963.1	WP_061907802.1
MVA25963.1	WP_160857153.1
MVA25963.1	WP_117366694.1
MVA25963.1	WP_244767157.1
MVA25963.1	WP_272790479.1
MVA25963.1	WP_119257053.1
MVA25963.1	WP_256117440.1
MVA25963.1	WP_045364089.1
MVA25963.1	WP_075289733.1
MVA25963.1	EHK57631.1
MVA25963.1	HBF28812.1
MVA25963.1	THF52574.1
MVA25963.1	WP_183793451.1
MVA25963.1	WP_281517773.1
MVA25963.1	WP_148916757.1
MVA25963.1	WP_107800855.1
MVA25963.1	WP_052370413.1
MDD3473526.1	MDD3473526.1
WP_188258036.1	WP_029348833.1
WP_188258036.1	WP_209221389.1
WP_188258036.1	MAC79718.1
WP_188258036.1	WP_148582479.1
WP_188258036.1	WP_182912968.1
WP_188258036.1	WP_109466574.1
MBS0289548.1	MBS0289548.1
WP_121999857.1	WP_121999857.1
WP_212474460.1	WP_212474460.1
WP_163281815.1	WP_163281815.1
WP_248058238.1	WP_248058238.1
WP_096927887.1	CZX05513.1
WP_096927887.1	WP_100170960.1
WP_096927887.1	WP_118283990.1
WP_096927887.1	WP_043951555.1
WP_096927887.1	HCJ6522187.1
WP_096927887.1	WP_192544925.1
WP_096927887.1	WP_262783247.1
WP_263611446.1	WP_061099492.1
WP_263611446.1	WP_166718309.1
WP_263611446.1	WP_203452577.1
WP_263611446.1	WP_234673118.1
WP_279383146.1	WP_279383146.1
WP_062856758.1	WP_063859588.1
WP_193853230.1	CZY37630.1
6LC7_A	6LC7_A
NQF21092.1	MCE1480404.1
ACT97517.1	WP_176686607.1
ACT97517.1	ABF29652.1
ACT97517.1	WP_063857784.1
ACT97517.1	WP_017694683.1
ACT97517.1	HBC0020601.1
ACT97517.1	CAA2940632.1
ACT97517.1	HAT7718444.1
ACT97517.1	WP_152315464.1
ACT97517.1	WP_063857777.1
ACT97517.1	WP_180263094.1
ACT97517.1	WP_045340466.1
ACT97517.1	WP_058687618.1
ACT97517.1	HCD7627141.1
ACT97517.1	WP_058670616.1
ACT97517.1	HAS1348151.1
ACT97517.1	EGQ5288939.1
ACT97517.1	HAV1487496.1
ACT97517.1	MCM7630416.1
ACT97517.1	WP_063921785.1
ACT97517.1	AAL05857.1
ACT97517.1	WP_047364854.1
ACT97517.1	WP_033487869.1
ACT97517.1	HAS1373003.1
ACT97517.1	SAC31588.1
ACT97517.1	SAB93433.1
ACT97517.1	MCM7535227.1
ACT97517.1	HCD9776021.1
ACT97517.1	HBL5329718.1
ACT97517.1	WP_265187281.1
ACT97517.1	WP_260673253.1
ACT97517.1	WP_032652275.1
ACT97517.1	WP_045328874.1
ACT97517.1	MCE1931575.1
ACT97517.1	HCS4228070.1
ACT97517.1	HBO0733539.1
ACT97517.1	HBO1507587.1
ACT97517.1	HCR0204069.1
ACT97517.1	HBO0898607.1
ACT97517.1	HCM9586961.1
ACT97517.1	CAE7785251.1
ACT97517.1	CAA30878.1
ACT97517.1	HCR0914095.1
ACT97517.1	WP_213786895.1
ACT97517.1	WP_194518667.1
ACT97517.1	AMJ38123.1
ACT97517.1	HAS0714306.1
ACT97517.1	WP_251268120.1
ACT97517.1	HCR0719471.1
ACT97517.1	WP_063857776.1
ACT97517.1	HCR0194514.1
ACT97517.1	WP_063158498.1
ACT97517.1	HCD4389602.1
ACT97517.1	BDK23821.1
ACT97517.1	1Y54_A
ACT97517.1	AMJ38153.1
ACT97517.1	WP_015572455.1
ACT97517.1	HBM2871624.1
ACT97517.1	WP_198740255.1
ACT97517.1	HCM9222370.1
ACT97517.1	WP_047726486.1
ACT97517.1	HCM9631343.1
ACT97517.1	MBT2060068.1
ACT97517.1	1BLS_A
ACT97517.1	4XUX_A
ACT97517.1	5XHR_A
ACT97517.1	HAS1435858.1
ACT97517.1	WP_032670726.1
ACT97517.1	EKG3233776.1
ACT97517.1	HCR0179876.1
ACT97517.1	EKX9102915.1
ACT97517.1	AMJ32831.1
ACT97517.1	HAS1430861.1
ACT97517.1	HCR1136361.1
ACT97517.1	WP_049134845.1
ACT97517.1	WP_063946196.1
ACT97517.1	WP_063138560.1
ACT97517.1	WP_230238946.1
ACT97517.1	7TI1_A
ACT97517.1	AUT31197.1
ACT97517.1	3S4X_A
ACT97517.1	WP_228339695.1
ACT97517.1	WP_062932487.1
ACT97517.1	EKK5548054.1
ACT97517.1	EHN8898421.1
ACT97517.1	WP_279240765.1
ACT97517.1	WP_063857779.1
ACT97517.1	EHF4955070.1
ACT97517.1	AMJ32906.1
ACT97517.1	WP_213774561.1
ACT97517.1	WP_017383966.1
ACT97517.1	WP_165730191.1
ACT97517.1	WP_047731199.1
ACT97517.1	WP_163293581.1
ACT97517.1	WP_060458773.1
ACT97517.1	MCV2681120.1
ACT97517.1	MBT2011372.1
ACT97517.1	WP_252029529.1
ACT97517.1	HCR2218683.1
ACT97517.1	WP_023295792.1
ACT97517.1	HCT4587178.1
ACT97517.1	CZY46821.1
ACT97517.1	5HAI_A
ACT97517.1	HCJ7645138.1
ACT97517.1	HAV1899165.1
ACT97517.1	HAV1779570.1
ACT97517.1	HCK7205853.1
ACT97517.1	HAS1416235.1
ACT97517.1	HAV1957468.1
ACT97517.1	WP_254309527.1
ACT97517.1	AMJ32733.1
ACT97517.1	HCE1213700.1
ACT97517.1	MBT2005254.1
ACT97517.1	HAV1817570.1
ACT97517.1	AMJ36704.1
ACT97517.1	AMJ38356.1
ACT97517.1	HCR1137755.1
ACT97517.1	WP_045331818.1
ACT97517.1	SAI50607.1
ACT97517.1	SAH73542.1
ACT97517.1	1S6R_A
ACT97517.1	WP_163375239.1
ACT97517.1	WP_196342082.1
ACT97517.1	WP_286049811.1
ACT97517.1	WP_149121110.1
ACT97517.1	WP_047637862.1
ACT97517.1	WP_159403010.1
ACT97517.1	WP_094089386.1
ACT97517.1	WP_149604215.1
ACT97517.1	2Q9M_A
ACT97517.1	HBM2871629.1
ACT97517.1	HBC0016600.1
ACT97517.1	HCR0932961.1
ACT97517.1	WP_152819218.1
ACT97517.1	EIM37777.1
ACT97517.1	WP_058652386.1
ACT97517.1	WP_193126798.1
ACT97517.1	SZA59986.1
ACT97517.1	WP_261665791.1
ACT97517.1	WP_112017656.1
ACT97517.1	EFH9482362.1
ACT97517.1	AAL05855.1
ACT97517.1	EHF5031929.1
ACT97517.1	WP_045895620.1
ACT97517.1	WP_193147263.1
ACT97517.1	MVW46009.1
ACT97517.1	WP_063148049.1
ACT97517.1	WP_048243390.1
ACT97517.1	AAL05853.1
ACT97517.1	HCR1862689.1
ACT97517.1	WP_063134270.1
ACT97517.1	CZZ30131.1
ACT97517.1	ERP05733.1
ACT97517.1	KLW19357.1
ACT97517.1	CAE7580811.1
ACT97517.1	SAF85004.1
ACT97517.1	WP_048209719.1
ACT97517.1	WP_222663284.1
ACT97517.1	WP_235167114.1
ACT97517.1	HCA7669748.1
ACT97517.1	HBM2509001.1
ACT97517.1	WP_063857769.1
ACT97517.1	WP_148388393.1
ACT97517.1	HBM2871630.1
ACT97517.1	KRT36954.1
ACT97517.1	EJP6420632.1
ACT97517.1	WP_229228160.1
ACT97517.1	WP_126524654.1
ACT97517.1	HBL5364931.1
ACT97517.1	WP_032628014.1
ACT97517.1	WP_032608349.1
ACT97517.1	EUM40178.1
ACT97517.1	ESM85129.1
ACT97517.1	HCM9123813.1
ACT97517.1	WP_063857775.1
ACT97517.1	WP_169723945.1
ACT97517.1	EJM7583337.1
ACT97517.1	HCS4257828.1
ACT97517.1	EKS6536404.1
ACT97517.1	WP_250249463.1
ACT97517.1	WP_193136426.1
ACT97517.1	WP_045351092.1
ACT97517.1	OUE95953.1
ACT97517.1	CAF1942790.1
ACT97517.1	BAM34463.1
ACT97517.1	WP_222137911.1
ACT97517.1	WP_155024565.1
ACT97517.1	WP_047052637.1
ACT97517.1	HBL6069632.1
ACT97517.1	WP_196064021.1
ACT97517.1	WP_154123408.1
ACT97517.1	WP_063963397.1
ACT97517.1	WP_137042085.1
ACT97517.1	EKK5415913.1
ACT97517.1	CAA06639.1
ACT97517.1	WP_048220419.1
ACT97517.1	WP_058658817.1
ACT97517.1	AIG20045.1
ACT97517.1	WP_099543460.1
ACT97517.1	SAE08658.1
ACT97517.1	HAS1338173.1
ACT97517.1	MBT1802412.1
ACT97517.1	WP_194515286.1
ACT97517.1	EKM9043361.1
ACT97517.1	HBL9067462.1
ACT97517.1	HCR1123091.1
ACT97517.1	WP_301163751.1
ACT97517.1	WP_199129138.1
ACT97517.1	HCM9592037.1
ACT97517.1	WP_090279998.1
ACT97517.1	HBL4906150.1
ACT97517.1	WDT14575.1
ACT97517.1	HBL9040018.1
ACT97517.1	EJV0701276.1
ACT97517.1	WP_038415120.1
ACT97517.1	WP_111976052.1
ACT97517.1	EHK3226503.1
ACT97517.1	EKV4776508.1
ACT97517.1	HCR0448526.1
ACT97517.1	EKS6545762.1
ACT97517.1	WP_180263276.1
ACT97517.1	CZV97503.1
ACT97517.1	WP_215771935.1
ACT97517.1	HBL5323104.1
ACT97517.1	HAS1328351.1
ACT97517.1	WP_250115821.1
ACT97517.1	HAS1933711.1
ACT97517.1	HAS1357866.1
ACT97517.1	WP_023299125.1
ACT97517.1	EHF3578970.1
ACT97517.1	WP_192970107.1
ACT97517.1	HBL8902761.1
ACT97517.1	WP_193543485.1
ACT97517.1	WP_235166650.1
ACT97517.1	WP_063138000.1
ACT97517.1	CZX30932.1
ACT97517.1	HBL5175605.1
ACT97517.1	WP_096947305.1
ACT97517.1	HBL8805775.1
ACT97517.1	AMJ38045.1
ACT97517.1	WP_193144135.1
ACT97517.1	WP_121933090.1
ACT97517.1	HBL8952588.1
ACT97517.1	HAS1534383.1
ACT97517.1	HAV1532273.1
ACT97517.1	HCJ7391449.1
ACT97517.1	HBM2564875.1
ACT97517.1	WP_022646807.1
ACT97517.1	EUM61668.1
ACT97517.1	WP_063857780.1
ACT97517.1	HBM2481305.1
ACT97517.1	WP_063152396.1
ACT97517.1	CZU92770.1
ACT97517.1	WP_045309142.1
ACT97517.1	WP_150312514.1
ACT97517.1	AMJ32956.1
ACT97517.1	WP_126490135.1
ACT97517.1	VAC30664.1
ACT97517.1	VAE43486.1
ACT97517.1	WP_063147148.1
ACT97517.1	WP_129754055.1
ACT97517.1	WP_163347281.1
ACT97517.1	WP_171932868.1
ACT97517.1	WP_063151048.1
ACT97517.1	CAF3199692.1
ACT97517.1	AMJ35485.1
ACT97517.1	WP_157508529.1
ACT97517.1	WP_063857783.1
ACT97517.1	WP_228340346.1
ACT97517.1	WP_252907632.1
ACT97517.1	WP_063857770.1
ACT97517.1	WP_154850219.1
ACT97517.1	HBL8859439.1
ACT97517.1	WP_108720784.1
ACT97517.1	HDF8566019.1
ACT97517.1	WP_063857782.1
ACT97517.1	WP_045620946.1
ACT97517.1	EHF8240192.1
ACT97517.1	WP_193132318.1
ACT97517.1	WP_105322931.1
ACT97517.1	WP_058677056.1
ACT97517.1	CZV22725.1
ACT97517.1	ABL67018.1
ACT97517.1	WP_271075253.1
ACT97517.1	HCJ7370845.1
ACT97517.1	WP_063200710.1
ACT97517.1	CZX32115.1
ACT97517.1	WP_023305291.1
ACT97517.1	ABF29678.1
ACT97517.1	CAA2938902.1
ACT97517.1	VAG25201.1
ACT97517.1	HAS1425894.1
ACT97517.1	WP_032625176.1
ACT97517.1	HAS1480386.1
ACT97517.1	WP_250115998.1
ACT97517.1	WP_199125618.1
ACT97517.1	HAV1845614.1
ACT97517.1	WP_180255442.1
ACT97517.1	WP_212464238.1
ACT97517.1	WP_063857774.1
ACT97517.1	WP_280005343.1
ACT97517.1	VAF18678.1
ACT97517.1	WP_200480287.1
ACT97517.1	WP_276350216.1
ACT97517.1	HBL6084962.1
ACT97517.1	WP_063853116.1
ACT97517.1	HBM2837484.1
ACT97517.1	CZX19249.1
ACT97517.1	WP_108168513.1
ACT97517.1	EHN8866399.1
ACT97517.1	VAC42664.1
ACT97517.1	HAS1308531.1
ACT97517.1	WP_150321322.1
ACT97517.1	WP_302216115.1
ACT97517.1	HAS1938546.1
ACT97517.1	MBK4583416.1
ACT97517.1	AMJ35689.1
ACT97517.1	WP_072139974.1
ACT97517.1	CQR78916.1
ACT97517.1	WP_262800375.1
ACT97517.1	HAS1938545.1
ACT97517.1	HAS1938547.1
ACT97517.1	WP_129256276.1
ACT97517.1	WP_194514581.1
ACT97517.1	WP_228333159.1
ACT97517.1	WP_047054053.1
ACT97517.1	HAV1771078.1
ACT97517.1	WP_233132007.1
ACT97517.1	WP_196348222.1
ACT97517.1	WP_104468739.1
ACT97517.1	WP_126297136.1
ACT97517.1	WP_137048116.1
ACT97517.1	EHN8814915.1
ACT97517.1	MBT1915376.1
ACT97517.1	HCT8085768.1
ACT97517.1	WP_165465389.1
ACT97517.1	AMJ32542.1
ACT97517.1	AHN96227.1
ACT97517.1	AMJ37983.1
ACT97517.1	AMJ38000.1
ACT97517.1	AHN96230.1
ACT97517.1	THA92874.1
ACT97517.1	EGQ5280177.1
ACT97517.1	HAZ0556173.1
ACT97517.1	AHN96229.1
ACT97517.1	WP_221925435.1
ACT97517.1	WP_205922731.1
ACT97517.1	AHN96226.1
ACT97517.1	WP_039272978.1
ACT97517.1	WP_102749863.1
ACT97517.1	WP_131637492.1
ACT97517.1	EKS6648964.1
ACT97517.1	WP_205924682.1
ACT97517.1	WP_125358772.1
ACT97517.1	WP_047354536.1
ACT97517.1	WP_193036997.1
ACT97517.1	WP_288790688.1
ACT97517.1	WP_112792421.1
ACT97517.1	HDR1956510.1
ACT97517.1	WP_107534499.1
ACT97517.1	EGQ5299757.1
ACT97517.1	MBT1822844.1
ACT97517.1	EHN8832669.1
ACT97517.1	WP_164461281.1
ACT97517.1	WP_063867113.1
ACT97517.1	WP_254308559.1
ACT97517.1	WP_193527943.1
ACT97517.1	WP_279749502.1
ACT97517.1	WP_203465535.1
ACT97517.1	AHN96213.1
ACT97517.1	AKP92860.1
ACT97517.1	WP_193033320.1
ACT97517.1	AHN82504.1
ACT97517.1	AKP92861.1
ACT97517.1	AMJ32310.1
ACT97517.1	AHN82503.1
ACT97517.1	WP_134349410.1
ACT97517.1	MCK7358000.1
ACT97517.1	WP_032666687.1
ACT97517.1	WP_063144124.1
ACT97517.1	WP_032492324.1
ACT97517.1	ESN15676.1
ACT97517.1	HDC4490922.1
ACT97517.1	OJX64453.1
ACT97517.1	WP_033144454.1
ACT97517.1	WP_096150731.1
ACT97517.1	WP_182265889.1
ACT97517.1	WP_047059454.1
ACT97517.1	WP_182072236.1
ACT97517.1	WP_181595142.1
ACT97517.1	WP_270134818.1
ACT97517.1	WP_073000989.1
ACT97517.1	WP_193940875.1
ACT97517.1	WP_224979296.1
ACT97517.1	WP_063857785.1
ACT97517.1	WP_032641389.1
ACT97517.1	HCR2015889.1
ACT97517.1	WP_240608566.1
ACT97517.1	KFA84136.1
ACT97517.1	WP_252047135.1
ACT97517.1	WP_217072087.1
ACT97517.1	WP_148244444.1
ACT97517.1	WP_167818987.1
ACT97517.1	WP_268871844.1
ACT97517.1	WP_214580584.1
ACT97517.1	WP_214586657.1
ACT97517.1	WP_202761242.1
ACT97517.1	WP_252002804.1
ACT97517.1	WP_063857772.1
ACT97517.1	WP_302235562.1
ACT97517.1	WP_224066186.1
ACT97517.1	EHN8801155.1
ACT97517.1	WP_219324422.1
ACT97517.1	WP_032662392.1
ACT97517.1	EKS6930662.1
ACT97517.1	WP_039261009.1
ACT97517.1	WP_159515699.1
ACT97517.1	WP_111965422.1
ACT97517.1	AMJ32490.1
ACT97517.1	WP_208763421.1
ACT97517.1	WP_127729339.1
ACT97517.1	WP_213329059.1
ACT97517.1	WP_196354816.1
ACT97517.1	ABF29648.1
ACT97517.1	WP_045331469.1
ACT97517.1	WP_048975170.1
ACT97517.1	WP_045888998.1
ACT97517.1	GFZ55901.1
ACT97517.1	ASD61655.1
ACT97517.1	WP_168980687.1
ACT97517.1	WP_059347269.1
ACT97517.1	WP_223605305.1
ACT97517.1	WP_193805199.1
ACT97517.1	WP_109845700.1
ACT97517.1	WP_063154927.1
ACT97517.1	WP_023310120.1
ACT97517.1	WP_193030061.1
ACT97517.1	WP_049138506.1
ACT97517.1	WP_117581582.1
ACT97517.1	OEG89382.1
ACT97517.1	EHN8905725.1
ACT97517.1	WP_045404828.1
ACT97517.1	WP_265195221.1
ACT97517.1	WP_045134432.1
ACT97517.1	BBI93840.1
ACT97517.1	WP_063857773.1
ACT97517.1	WP_129324144.1
ACT97517.1	WP_180262538.1
ACT97517.1	WP_221703342.1
ACT97517.1	WP_262814912.1
ACT97517.1	WP_080328778.1
ACT97517.1	WP_121425072.1
ACT97517.1	HCM9649045.1
ACT97517.1	WP_248187136.1
ACT97517.1	WP_094935119.1
ACT97517.1	WP_047364118.1
ACT97517.1	WP_193542281.1
ACT97517.1	WP_222567731.1
ACT97517.1	WP_196361732.1
ACT97517.1	WP_234651763.1
ACT97517.1	WP_214577354.1
ACT97517.1	WP_236902396.1
ACT97517.1	WP_087529968.1
ACT97517.1	WP_248110437.1
ACT97517.1	WP_240067714.1
ACT97517.1	WP_164461280.1
ACT97517.1	WP_148769258.1
ACT97517.1	WP_126817982.1
ACT97517.1	WP_227441953.1
ACT97517.1	WP_049007262.1
ACT97517.1	WP_032655291.1
ACT97517.1	HCM9457129.1
ACT97517.1	WP_248202728.1
ACT97517.1	ABF29658.1
ACT97517.1	OAZ88936.1
ACT97517.1	WP_121932345.1
ACT97517.1	WP_028015237.1
ACT97517.1	WP_045372339.1
ACT97517.1	WP_220419356.1
ACT97517.1	WP_257831125.1
ACT97517.1	WP_148421831.1
ACT97517.1	WP_192986658.1
ACT97517.1	HDR2669832.1
ACT97517.1	WP_059445184.1
ACT97517.1	WP_049122279.1
ACT97517.1	WP_167214326.1
ACT97517.1	WP_157188497.1
ACT97517.1	WP_045631273.1
ACT97517.1	WP_242934065.1
ACT97517.1	WP_248053451.1
ACT97517.1	WP_266179808.1
ACT97517.1	WP_023293464.1
ACT97517.1	SAG04016.1
ACT97517.1	AOP97792.1
ACT97517.1	HAS1763612.1
ACT97517.1	WP_023345296.1
ACT97517.1	WP_249576637.1
ACT97517.1	WP_047366964.1
ACT97517.1	HDR2388094.1
ACT97517.1	WP_119917120.1
ACT97517.1	WP_152315466.1
ACT97517.1	WP_099156057.1
ACT97517.1	WP_217479356.1
ACT97517.1	WP_084833283.1
ACT97517.1	ABF29662.1
ACT97517.1	OEH18952.1
ACT97517.1	WP_045357459.1
ACT97517.1	WP_211138257.1
ACT97517.1	HBI6863875.1
ACT97517.1	WP_262760542.1
ACT97517.1	WP_129996856.1
ACT97517.1	HDR2357246.1
ACT97517.1	WP_063857727.1
ACT97517.1	WP_219940438.1
ACT97517.1	WP_268871843.1
ACT97517.1	WP_252075413.1
ACT97517.1	WP_248038564.1
ACT97517.1	WP_256068041.1
ACT97517.1	EKX8546826.1
ACT97517.1	WP_182382935.1
ACT97517.1	WP_063857735.1
ACT97517.1	WP_128348302.1
ACT97517.1	AMP57101.1
ACT97517.1	WP_045409557.1
ACT97517.1	WP_267590910.1
ACT97517.1	WP_023331841.1
ACT97517.1	WP_248186221.1
ACT97517.1	WP_023326542.1
ACT97517.1	WP_256026786.1
ACT97517.1	WP_248188713.1
ACT97517.1	WP_063860839.1
ACT97517.1	WP_248103308.1
ACT97517.1	WP_248248360.1
ACT97517.1	AMJ37011.1
ACT97517.1	WP_252009861.1
ACT97517.1	WP_262781590.1
ACT97517.1	WP_233396222.1
ACT97517.1	WP_083264127.1
ACT97517.1	WP_045418072.1
ACT97517.1	WP_032644152.1
ACT97517.1	WP_063860836.1
ACT97517.1	WP_248250743.1
ACT97517.1	RWT44817.1
ACT97517.1	WP_047073348.1
ACT97517.1	EGS2004259.1
ACT97517.1	WP_202771059.1
ACT97517.1	WP_241510727.1
ACT97517.1	WP_063860837.1
ACT97517.1	MCP1112056.1
ACT97517.1	WP_047744933.1
ACT97517.1	UTC08132.1
ACT97517.1	AIG20032.1
ACT97517.1	HCM9211937.1
ACT97517.1	WP_267217791.1
ACT97517.1	2ZC7_A
ACT97517.1	HDR2395920.1
ACT97517.1	WP_032675805.1
ACT97517.1	WP_059364619.1
ACT97517.1	EHN8806656.1
ACT97517.1	KML25038.1
ACT97517.1	WP_087823488.1
ACT97517.1	HDR2703314.1
ACT97517.1	WP_246946914.1
ACT97517.1	WP_219369191.1
ACT97517.1	WP_192972008.1
ACT97517.1	WP_153656814.1
ACT97517.1	HCH0657843.1
ACT97517.1	OAY18840.1
ACT97517.1	WP_008502936.1
ACT97517.1	WP_094944992.1
ACT97517.1	WP_232928896.1
ACT97517.1	WP_235403269.1
ACT97517.1	WP_227880068.1
ACT97517.1	WP_063622719.1
ACT97517.1	WP_074399172.1
ACT97517.1	TDP14315.1
ACT97517.1	WP_032489464.1
ACT97517.1	AUT31233.1
ACT97517.1	AMJ33455.1
ACT97517.1	WP_202783303.1
ACT97517.1	WP_163341149.1
ACT97517.1	WP_223581022.1
ACT97517.1	MBG0624932.1
ACT97517.1	MBG0622062.1
ACT97517.1	EKY1592649.1
ACT97517.1	WP_041911496.1
ACT97517.1	WP_234084461.1
ACT97517.1	WP_172514037.1
ACT97517.1	WP_070532425.1
ACT97517.1	WP_059360835.1
ACT97517.1	WP_247170677.1
ACT97517.1	EKU2859437.1
ACT97517.1	WP_248202270.1
ACT97517.1	HCM9498818.1
ACT97517.1	WP_302224792.1
ACT97517.1	WP_193357670.1
ACT97517.1	WP_044597278.1
ACT97517.1	WP_219290190.1
ACT97517.1	WP_194518720.1
ACT97517.1	WP_225287329.1
ACT97517.1	WP_063930108.1
ACT97517.1	AMJ33924.1
ACT97517.1	WP_059357759.1
ACT97517.1	HDR2622749.1
ACT97517.1	WP_262811627.1
ACT97517.1	AMJ37504.1
ACT97517.1	WP_241178543.1
ACT97517.1	WP_134708436.1
ACT97517.1	WP_182033479.1
ACT97517.1	WP_021240723.1
ACT97517.1	QCI62263.1
ACT97517.1	WP_050861789.1
ACT97517.1	WP_032492100.1
ACT97517.1	HDJ1437303.1
ACT97517.1	WP_262806091.1
ACT97517.1	WP_111967096.1
ACT97517.1	WP_274241823.1
ACT97517.1	MBW4239529.1
ACT97517.1	WP_262752776.1
ACT97517.1	WP_248226162.1
ACT97517.1	WP_047646470.1
ACT97517.1	WP_177317028.1
ACT97517.1	WP_048225256.1
ACT97517.1	WP_250670180.1
ACT97517.1	WP_059354427.1
ACT97517.1	WP_149367300.1
ACT97517.1	WP_252074212.1
ACT97517.1	WP_047744452.1
ACT97517.1	WP_163332755.1
ACT97517.1	WP_045286607.1
ACT97517.1	WP_029739888.1
ACT97517.1	WP_237424452.1
ACT97517.1	WP_095429168.1
ACT97517.1	WP_136195726.1
ACT97517.1	HDR2399299.1
ACT97517.1	WP_045909550.1
ACT97517.1	WP_048961109.1
ACT97517.1	WP_063857778.1
ACT97517.1	AMJ37056.1
ACT97517.1	HDR2399283.1
ACT97517.1	WP_194386325.1
ACT97517.1	WP_104949606.1
ACT97517.1	WP_039265377.1
ACT97517.1	WP_252050830.1
ACT97517.1	WP_074165721.1
ACT97517.1	HDR2843482.1
ACT97517.1	HDR2783175.1
ACT97517.1	WP_063860841.1
ACT97517.1	WP_248262070.1
ACT97517.1	WP_208282947.1
ACT97517.1	HDR2482190.1
ACT97517.1	WP_193355544.1
ACT97517.1	AEN63127.1
ACT97517.1	WP_288462834.1
ACT97517.1	WP_080562821.1
ACT97517.1	WFS39058.1
ACT97517.1	WP_214573482.1
ACT97517.1	ABJ56004.1
ACT97517.1	WP_266154622.1
ACT97517.1	AMJ33970.1
ACT97517.1	WP_152083179.1
ACT97517.1	HAS1784874.1
ACT97517.1	AMJ34043.1
ACT97517.1	WP_276854486.1
ACT97517.1	AKP92864.1
ACT97517.1	WP_193163475.1
ACT97517.1	WP_215723883.1
ACT97517.1	AMJ35400.1
ACT97517.1	ABQ57390.1
ACT97517.1	WP_048965661.1
ACT97517.1	HBM2509010.1
ACT97517.1	MBE2550667.1
ACT97517.1	CAD32301.1
ACT97517.1	AHN96212.1
ACT97517.1	WP_062775989.1
ACT97517.1	AHN96224.1
ACT97517.1	AEI61927.1
ACT97517.1	AHN82499.1
ACT97517.1	WP_123429630.1
ACT97517.1	WP_129035669.1
ACT97517.1	WP_285145711.1
ACT97517.1	WP_107702405.1
ACT97517.1	WP_102104642.1
ACT97517.1	WP_202668055.1
ACT97517.1	WP_095284155.1
ACT97517.1	WP_235134578.1
ACT97517.1	WP_282491517.1
ACT97517.1	WP_202674122.1
ACT97517.1	WP_263094558.1
ACT97517.1	WP_219860729.1
ACT97517.1	WP_059180038.1
ACT97517.1	WP_213794290.1
ACT97517.1	WP_204772049.1
ACT97517.1	WP_172862587.1
ACT97517.1	WP_286517921.1
ACT97517.1	EKV3450961.1
ACT97517.1	WP_063859673.1
ACT97517.1	WP_286502622.1
ACT97517.1	WP_250671471.1
ACT97517.1	WP_192464688.1
ACT97517.1	WP_286635070.1
ACT97517.1	WP_275395779.1
ACT97517.1	MBJ9212469.1
ACT97517.1	WP_267454302.1
ACT97517.1	HBY5551671.1
ACT97517.1	WP_045366689.1
ACT97517.1	HCT4439735.1
ACT97517.1	EBJ5344085.1
ACT97517.1	WP_063446374.1
ACT97517.1	HBS5680152.1
ACT97517.1	WP_181636024.1
ACT97517.1	WP_116289604.1
ACT97517.1	WP_181509690.1
ACT97517.1	HBM9257584.1
ACT97517.1	RNL68665.1
ACT97517.1	WP_286630534.1
ACT97517.1	EGM2057342.1
ACT97517.1	WP_213134699.1
ACT97517.1	WP_063859839.1
ACT97517.1	AMP49726.1
ACT97517.1	WP_063859734.1
ACT97517.1	WP_157195044.1
ACT97517.1	KAE9485545.1
ACT97517.1	WP_286523956.1
ACT97517.1	WP_077896774.1
ACT97517.1	WP_046884050.1
ACT97517.1	HCD3926484.1
ACT97517.1	WP_047077083.1
ACT97517.1	WP_301148099.1
ACT97517.1	WP_047076158.1
ACT97517.1	WP_063859640.1
ACT97517.1	OUE80029.1
ACT97517.1	KLW03700.1
ACT97517.1	WP_200108307.1
ACT97517.1	WP_153687714.1
ACT97517.1	WP_063406924.1
ACT97517.1	WP_287113731.1
ACT97517.1	WP_267984510.1
ACT97517.1	WP_230249928.1
ACT97517.1	OCO63935.1
ACT97517.1	EIX9072852.1
ACT97517.1	WP_064580033.1
ACT97517.1	WP_063859793.1
ACT97517.1	WP_252430536.1
ACT97517.1	HBV2781761.1
ACT97517.1	WP_131380526.1
ACT97517.1	WP_063859777.1
ACT97517.1	WP_260299971.1
ACT97517.1	HBB8161924.1
ACT97517.1	ECR8087721.1
ACT97517.1	WP_063859852.1
ACT97517.1	EEK4968574.1
ACT97517.1	HCE0748534.1
ACT97517.1	MCR1577046.1
ACT97517.1	EHA5502173.1
ACT97517.1	EAS2951878.1
ACT97517.1	EJN1662096.1
ACT97517.1	WP_262831132.1
ACT97517.1	WP_163389568.1
ACT97517.1	WP_047406759.1
ACT97517.1	WP_286479387.1
ACT97517.1	HBV6748611.1
ACT97517.1	WP_219377232.1
ACT97517.1	KLF28340.1
ACT97517.1	WP_103928845.1
ACT97517.1	EDU9139211.1
ACT97517.1	WP_163334492.1
ACT97517.1	EHA7860910.1
ACT97517.1	WP_094891548.1
ACT97517.1	WP_012262157.1
ACT97517.1	HBI7902847.1
ACT97517.1	HDH0715388.1
ACT97517.1	HAO6949708.1
ACT97517.1	WP_064572218.1
ACT97517.1	OUE92957.1
ACT97517.1	WP_032491928.1
ACT97517.1	EKV7203156.1
ACT97517.1	EDS2685559.1
ACT97517.1	WP_282872290.1
ACT97517.1	WP_063859914.1
ACT97517.1	EIQ0809218.1
ACT97517.1	MDF7031483.1
ACT97517.1	EJO4157313.1
ACT97517.1	ECT6836005.1
ACT97517.1	HCJ4126361.1
ACT97517.1	ACT97396.1
ACT97517.1	WP_200008148.1
ACT97517.1	WP_063859625.1
ACT97517.1	BBS13642.1
ACT97517.1	EDE1801124.1
ACT97517.1	WP_213193556.1
ACT97517.1	WP_000976513.1
ACT97517.1	WP_163331840.1
ACT97517.1	ECI9957387.1
ACT97517.1	EEF0782907.1
ACT97517.1	WP_267455887.1
ACT97517.1	WP_193108669.1
ACT97517.1	EBX9259216.1
ACT97517.1	ECK9076055.1
ACT97517.1	6G9T_A
ACT97517.1	WP_213759333.1
ACT97517.1	WP_131347430.1
ACT97517.1	EDE3621049.1
ACT97517.1	ABU97164.1
ACT97517.1	HBB2508163.1
ACT97517.1	HBN4760169.1
ACT97517.1	WP_063859861.1
ACT97517.1	HAT7503390.1
ACT97517.1	EBI5738708.1
ACT97517.1	HCR0417068.1
ACT97517.1	WP_174335181.1
ACT97517.1	WP_077767289.1
ACT97517.1	WP_279447289.1
ACT97517.1	WP_063859916.1
ACT97517.1	HBA5693338.1
ACT97517.1	EKW1134362.1
ACT97517.1	HCL9941287.1
ACT97517.1	CAO91853.1
ACT97517.1	APO27690.1
ACT97517.1	WP_271456346.1
ACT97517.1	WP_267581439.1
ACT97517.1	EBB0530502.1
ACT97517.1	HAO0769630.1
ACT97517.1	HAU6495147.1
ACT97517.1	WP_016151399.1
ACT97517.1	EBF2929442.1
ACT97517.1	WP_275262556.1
ACT97517.1	WP_064569112.1
ACT97517.1	WP_267456468.1
ACT97517.1	WP_270562146.1
ACT97517.1	WP_038636490.1
ACT97517.1	HBX2116857.1
ACT97517.1	WP_063859917.1
ACT97517.1	WP_262799858.1
ACT97517.1	WP_063859846.1
ACT97517.1	WP_063859863.1
ACT97517.1	WP_110496179.1
ACT97517.1	HBU8809366.1
ACT97517.1	HAH0377195.1
ACT97517.1	WP_103283398.1
ACT97517.1	WP_239177339.1
ACT97517.1	EHL5950328.1
ACT97517.1	EAX7239116.1
ACT97517.1	HAM0556314.1
ACT97517.1	ECU6245241.1
ACT97517.1	HCE0982810.1
ACT97517.1	WP_163359272.1
ACT97517.1	WP_174331358.1
ACT97517.1	WP_164919163.1
ACT97517.1	KJM44056.1
ACT97517.1	WP_063410795.1
ACT97517.1	AHN96216.1
ACT97517.1	WP_006686288.1
ACT97517.1	WP_241362117.1
ACT97517.1	EEJ6706873.1
ACT97517.1	WP_105178372.1
ACT97517.1	HAU5710786.1
ACT97517.1	WP_124036772.1
ACT97517.1	WP_192474893.1
ACT97517.1	WP_077252433.1
ACT97517.1	WP_276220712.1
ACT97517.1	EEZ5806546.1
ACT97517.1	QCP70872.1
ACT97517.1	WP_253898274.1
ACT97517.1	EJT8982247.1
ACT97517.1	1L0F_A
ACT97517.1	EFK8873965.1
ACT97517.1	HAN2396937.1
ACT97517.1	APO34581.1
ACT97517.1	AMJ32344.1
ACT97517.1	EJE0755804.1
ACT97517.1	ABR28512.1
ACT97517.1	ECF7833776.1
ACT97517.1	WP_234263110.1
ACT97517.1	1GA0_A
ACT97517.1	WP_249828058.1
ACT97517.1	1Q2Q_A
ACT97517.1	WP_063858869.1
ACT97517.1	WP_284959696.1
ACT97517.1	3IWI_A
MBY0544707.1	WP_035886213.1
MBY0544707.1	MBS0290821.1
MBY0544707.1	MBA2651130.1
MBY0544707.1	WP_173237192.1
MBY0544707.1	WP_250421222.1
MBY0544707.1	WP_115712500.1
MBY0544707.1	WP_058514279.1
MBY0544707.1	WP_148339103.1
MBY0544707.1	WP_018578682.1
MBY0544707.1	WP_275088488.1
MBY0544707.1	WP_028387221.1
MBY0544707.1	HAT8712708.1
MBY0544707.1	WP_259637591.1
MBY0544707.1	WP_122256180.1
MBY0544707.1	WP_184530060.1
WP_253247503.1	WP_253247503.1
WP_075064938.1	WP_075064938.1
HAG7277292.1	HAG7277292.1
HCD7255263.1	HCD7255263.1
HCD5997867.1	HCD5997867.1
WP_250146511.1	WP_250146511.1
WP_130608286.1	WP_130608286.1
WP_277610275.1	MCV4593049.1
HCD2859871.1	HCD2859871.1
WP_166820992.1	MCX7207771.1
WP_258962404.1	EFN9527705.1
WP_258962404.1	WP_253195749.1
WP_258962404.1	ECM0827963.1
WP_258962404.1	EAX0135493.1
WP_258962404.1	WP_257030185.1
WP_258962404.1	WP_259271922.1
WP_258962404.1	EFX0279669.1
WP_258962404.1	EFP8713417.1
WP_258962404.1	EIF8172597.1
WP_258962404.1	EEX2548022.1
WP_258962404.1	HBQ8522890.1
WP_258962404.1	EAP1963886.1
WP_258962404.1	MBB9650102.1
VCZ88097.1	VCV93803.1
EIJ4427405.1	EIJ4427405.1
HBQ2476542.1	HBQ2476542.1
OWY40658.1	WP_233158857.1
WJH19588.1	WJH19588.1
HBU6212725.1	HBU6212725.1
EKT9157397.1	EKT9157397.1
AIL64677.1	AIL64677.1
WP_104207401.1	WP_104207401.1
AVP74253.1	AVP74253.1
WP_258962524.1	WP_258962524.1
WP_251005063.1	WP_250387944.1
WP_251005063.1	WP_267478281.1
WP_251005063.1	ACT97346.1
WP_251005063.1	EFX0274910.1
WP_251005063.1	EFW1293219.1
WP_251005063.1	WP_275886700.1
WP_251005063.1	MBS2525995.1
WP_251005063.1	WP_277212493.1
WP_251005063.1	HAI0905496.1
WP_251005063.1	WP_252436648.1
WP_251005063.1	WP_253247932.1
WP_251005063.1	WP_264756210.1
WP_251005063.1	EGF3908608.1
WP_251005063.1	ACT97329.1
WP_251005063.1	EFN2553133.1
WP_251005063.1	HBX1801348.1
WP_251005063.1	EHH4943096.1
AMP56979.1	AMP56979.1
OGV52204.1	OJU73485.1
OGV52204.1	MBM3610838.1
OGV52204.1	MDF3054180.1
OGV52204.1	MCC8416114.1
OGV52204.1	HJD56666.1
OGV52204.1	UCM85372.1
OGV52204.1	MDF2549341.1
OGV52204.1	WHA07229.1
OGV52204.1	HJK85155.1
HCU06173.1	HJK87752.1
AAU27698.1	HAT8180848.1
AAU27698.1	HAT8180854.1
AAU27698.1	HAT8180104.1
AAU27698.1	HAT9667711.1
AAU27698.1	WP_058491795.1
AAU27698.1	HAU1882124.1
AAU27698.1	HAT9185969.1
AAU27698.1	WP_011212532.1
AAU27698.1	WP_129317020.1
AAU27698.1	HAT8368193.1
AAU27698.1	HAT9783857.1
AAU27698.1	WP_233012513.1
AAU27698.1	MBA3537750.1
AAU27698.1	WP_031562741.1
AAU27698.1	MBI2785258.1
AAU27698.1	HAT9667657.1
AAU27698.1	WP_058508761.1
AAU27698.1	WP_106221727.1
AAU27698.1	CZG13195.1
AAU27698.1	WP_101900019.1
AAU27698.1	WP_012979006.1
AAU27698.1	HAT8890798.1
AAU27698.1	WP_150866147.1
AAU27698.1	HAT9529033.1
AAU27698.1	HAT9216138.1
AAU27698.1	WP_106141304.1
AAU27698.1	HAT8835486.1
AAU27698.1	HAT8966779.1
AAU27698.1	HBP6890052.1
AAU27698.1	HAU0310928.1
AAU27698.1	HAT9768402.1
AAU27698.1	WP_061820221.1
AAU27698.1	HAT9308114.1
AAU27698.1	WP_027265302.1
AAU27698.1	HAU1300606.1
AAU27698.1	WP_027220073.1
AAU27698.1	HAT9841767.1
AAU27698.1	WP_061637119.1
AAU27698.1	HAU1128711.1
AAU27698.1	HAU2176551.1
AAU27698.1	HBD7383575.1
AAU27698.1	WP_058512746.1
AAU27698.1	HAU1128713.1
AAU27698.1	HAT9562164.1
AAU27698.1	HAU3655882.1
AAU27698.1	HAU2251358.1
AAU27698.1	WP_062728667.1
AAU27698.1	6WHL_A
AAU27698.1	MBA2649633.1
AAU27698.1	WP_133135463.1
ACQ42051.1	1BZA_A
ACQ42051.1	WP_063860054.1
ACQ42051.1	4X69_A
ACQ42051.1	1IYS_A
ACQ42051.1	2ZQ7_A
ACQ42051.1	HBS3033337.1
ACQ42051.1	WP_063860063.1
ACQ42051.1	MDM9180827.1
ACQ42051.1	BBI29415.1
ACQ42051.1	WP_063860074.1
ACQ42051.1	WP_086795532.1
ACQ42051.1	WP_025368620.1
ACQ42051.1	WP_063860093.1
ACQ42051.1	WP_063860053.1
ACQ42051.1	WP_203397857.1
ACQ42051.1	WP_063859945.1
ACQ42051.1	5KSC_A
ACQ42051.1	QGK89611.1
ACQ42051.1	HBS2977861.1
ACQ42051.1	2ZQ8_A
ACQ42051.1	AKN21390.1
ACQ42051.1	WP_063860090.1
ACQ42051.1	WP_063860044.1
ACQ42051.1	WP_063860038.1
ACQ42051.1	HBZ2594556.1
ACQ42051.1	WP_256875601.1
ACQ42051.1	HBZ2594562.1
ACQ42051.1	WP_053444694.1
ACQ42051.1	WP_063859956.1
ACQ42051.1	HCN9030803.1
ACQ42051.1	WP_065419568.1
ACQ42051.1	EAW2335716.1
ACQ42051.1	HBB7497101.1
ACQ42051.1	HAX2414524.1
ACQ42051.1	HBB8859043.1
ACQ42051.1	HCL8079938.1
ACQ42051.1	WP_270502596.1
ACQ42051.1	HAX2464446.1
ACQ42051.1	WP_110654040.1
ACQ42051.1	WP_094009813.1
ACQ42051.1	1WE4_A
ACQ42051.1	HCU0676570.1
ACQ42051.1	EEL8108874.1
ACQ42051.1	HAZ4174098.1
ACQ42051.1	HAX2409621.1
ACQ42051.1	WP_063859950.1
ACQ42051.1	6U58_A
ACQ42051.1	4BD0_A
ACQ42051.1	WP_063860073.1
ACQ42051.1	WP_035895532.1
ACQ42051.1	HBB8868861.1
ACQ42051.1	WP_123650203.1
ACQ42051.1	WP_063860046.1
ACQ42051.1	WP_101170862.1
ACQ42051.1	HBZ2594558.1
ACQ42051.1	WP_248538425.1
ACQ42051.1	CAD20590.1
ACQ42051.1	HAZ4178591.1
ACQ42051.1	HDG1678150.1
ACQ42051.1	WP_063860065.1
ACQ42051.1	AEL20766.1
ACQ42051.1	AEL20767.1
ACQ42051.1	EJD8901378.1
ACQ42051.1	WP_063860075.1
ACQ42051.1	WP_063860092.1
ACQ42051.1	2XQZ_A
ACQ42051.1	CAD20591.1
ACQ42051.1	CAD20589.1
ACQ42051.1	6C78_A
ACQ42051.1	HAX2464451.1
ACQ42051.1	AAL68825.1
ACQ42051.1	WP_032072602.1
ACQ42051.1	CAD20588.3
ACQ42051.1	WP_070180856.1
ACQ42051.1	UZQ22572.1
ACQ42051.1	WP_063860076.1
ACQ42051.1	CAD20587.1
ACQ42051.1	HDG1719206.1
ACQ42051.1	HAX2464453.1
ACQ42051.1	HCF4973997.1
ACQ42051.1	WP_032489170.1
ACQ42051.1	AXL94373.1
ACQ42051.1	2WYX_A
ACQ42051.1	AXL94371.1
ACQ42051.1	AXL94372.1
ACQ42051.1	ACR56340.1
ACQ42051.1	EAW2321513.1
ACQ42051.1	WP_032489171.1
ACQ42051.1	AGO18333.1
ACQ42051.1	AXL94376.1
ACQ42051.1	WP_032489025.1
ACQ42051.1	AGH72040.1
ACQ42051.1	AXL94377.1
ACQ42051.1	AXL94374.1
ACQ42051.1	ACN54552.1
ACQ42051.1	AAV93320.1
ACQ42051.1	AFJ32808.1
ACQ42051.1	HAV2334346.1
ACQ42051.1	HAQ7266619.1
ACQ42051.1	BBU77890.1
ACQ42051.1	HAV2334347.1
ACQ42051.1	HAV2329912.1
ACQ42051.1	WP_185669517.1
ACQ42051.1	WP_220438235.1
ACQ42051.1	AKE47620.1
ACQ42051.1	AXL94380.1
ACQ42051.1	AIK28491.1
ACQ42051.1	AIK28493.1
ACQ42051.1	AEZ49577.1
ACQ42051.1	WP_271459212.1
ACQ42051.1	HAX2733817.1
ACQ42051.1	WP_063860068.1
ACQ42051.1	WP_167575294.1
ACQ42051.1	WP_063860050.1
ACQ42051.1	HBX7073683.1
ACQ42051.1	HBX6965796.1
ACQ42051.1	HCR3982693.1
ACQ42051.1	ANW07616.1
ACQ42051.1	HBX7041469.1
ACQ42051.1	WP_032489598.1
ACQ42051.1	SSJ83040.1
ACQ42051.1	HBI4812679.1
ACQ42051.1	WP_223803081.1
ACQ42051.1	HBX7073681.1
ACQ42051.1	HBX7631360.1
ACQ42051.1	HCN6551734.1
ACQ42051.1	EFO3493671.1
ACQ42051.1	WP_249828062.1
ACQ42051.1	HCN4951869.1
ACQ42051.1	HAX2484129.1
ACQ42051.1	BAI70508.1
ACQ42051.1	WP_063860077.1
ACQ42051.1	WP_065102278.1
ACQ42051.1	WP_099156053.1
ACQ42051.1	SAX11241.1
ACQ42051.1	WP_063860041.1
ACQ42051.1	QKV34881.1
ACQ42051.1	WP_086629644.1
ACQ42051.1	QKV34891.1
ACQ42051.1	KLV68679.1
ACQ42051.1	WP_252836961.1
ACQ42051.1	WP_044702041.1
ACQ42051.1	AHY20039.1
ACQ42051.1	WP_064543755.1
ACQ42051.1	WP_063860089.1
ACQ42051.1	WP_063860091.1
ACQ42051.1	QKV34882.1
ACQ42051.1	WP_063860087.1
ACQ42051.1	WP_032494234.1
ACQ42051.1	WP_063860051.1
ACQ42051.1	WP_063859968.1
ACQ42051.1	BCG50432.1
ACQ42051.1	WP_022542384.1
ACQ42051.1	WP_109791211.1
ACQ42051.1	AIC64475.1
ACQ42051.1	ARJ31826.1
ACQ42051.1	AIC64478.1
ACQ42051.1	WP_032491377.1
ACQ42051.1	AIC64335.1
ACQ42051.1	AIC64382.1
ACQ42051.1	WP_117103431.1
ACQ42051.1	AIC64327.1
ACQ42051.1	RVR48043.1
ACQ42051.1	HAJ0066300.1
ACQ42051.1	MCU3870142.1
ACQ42051.1	WP_271079966.1
ACQ42051.1	WP_169722141.1
ACQ42051.1	HAL2114600.1
ACQ42051.1	AIC64330.1
ACQ42051.1	WP_063860079.1
ACQ42051.1	AIC64447.1
ACQ42051.1	AIC64459.1
ACQ42051.1	MDA6962957.1
ACQ42051.1	AIC64324.1
ACQ42051.1	WP_011091028.1
ACQ42051.1	AIC64397.1
ACQ42051.1	AIC64462.1
ACQ42051.1	AIC64387.1
ACQ42051.1	AIC64417.1
ACQ42051.1	WP_063859970.1
ACQ42051.1	AIC64464.1
ACQ42051.1	BAC53608.1
ACQ42051.1	WP_032491954.1
ACQ42051.1	AIC64400.1
ACQ42051.1	WP_109545063.1
ACQ42051.1	AUT31236.1
ACQ42051.1	HCB1743951.1
ACQ42051.1	ABM88808.1
ACQ42051.1	EIE6494751.1
ACQ42051.1	WP_032491777.1
ACQ42051.1	HBD1044970.1
ACQ42051.1	WP_063859951.1
ACQ42051.1	WP_032491157.1
ACQ42051.1	AIC64321.1
ACQ42051.1	ADA62512.1
ACQ42051.1	WP_231869645.1
ACQ42051.1	AAR05437.1
ACQ42051.1	WP_063860019.1
ACQ42051.1	AIC64331.1
ACQ42051.1	WP_032495225.1
ACQ42051.1	WP_102607455.1
ACQ42051.1	WP_063859964.1
ACQ42051.1	WP_139496617.1
ACQ42051.1	MDO1920383.1
ACQ42051.1	AIC64426.1
ACQ42051.1	WP_063860069.1
ACQ42051.1	ADA62526.1
ACQ42051.1	HCR3061292.1
ACQ42051.1	AIC64348.1
ACQ42051.1	WP_245096204.1
ACQ42051.1	WP_063859953.1
ACQ42051.1	AIC64390.1
ACQ42051.1	EKU4734894.1
ACQ42051.1	AIC64407.1
ACQ42051.1	AIC64378.1
ACQ42051.1	AIC64317.1
ACQ42051.1	WP_214182900.1
ACQ42051.1	AIC64337.1
ACQ42051.1	AEL20753.1
ACQ42051.1	HBC2891025.1
ACQ42051.1	ARJ31831.1
ACQ42051.1	ARJ31803.1
ACQ42051.1	ALQ56945.1
ACQ42051.1	ARJ31835.1
ACQ42051.1	ARJ31804.1
ACQ42051.1	ARJ31857.1
ACQ42051.1	ACB30322.1
ACQ42051.1	WP_063860042.1
ACQ42051.1	AIC64431.1
ACQ42051.1	WP_267840420.1
ACQ42051.1	WP_135120403.1
ACQ42051.1	AIC64375.1
ACQ42051.1	ACR56331.1
ACQ42051.1	ADA62521.1
ACQ42051.1	AIC64340.1
ACQ42051.1	AIC64404.1
ACQ42051.1	AEL20754.1
ACQ42051.1	AIC64490.1
ACQ42051.1	AIC64386.1
ACQ42051.1	WP_144335901.1
ACQ42051.1	AIC64319.1
ACQ42051.1	WP_032490752.1
ACQ42051.1	AIC64477.1
ACQ42051.1	WP_111672902.1
ACQ42051.1	HBA5683755.1
ACQ42051.1	WP_063860066.1
ACQ42051.1	AIC64345.1
ACQ42051.1	AIC64494.2
ACQ42051.1	ADA62554.1
ACQ42051.1	HBD6876284.1
ACQ42051.1	AIC64388.1
ACQ42051.1	AKH80297.1
ACQ42051.1	AKO22375.1
ACQ42051.1	AIC64469.1
ACQ42051.1	EEW2327704.1
ACQ42051.1	HCN3670171.1
ACQ42051.1	WP_063859962.1
ACQ42051.1	WP_063860047.1
ACQ42051.1	WP_233312988.1
ACQ42051.1	ADA62527.1
ACQ42051.1	WP_063860048.1
ACQ42051.1	AIC64445.1
ACQ42051.1	WP_088245225.1
ACQ42051.1	AIC64480.1
ACQ42051.1	HBZ2153470.1
ACQ42051.1	AIC64355.1
ACQ42051.1	WP_063859957.1
ACQ42051.1	PAU40904.1
ACQ42051.1	HAX7860302.1
ACQ42051.1	4HBT_A
ACQ42051.1	HBR0132896.1
ACQ42051.1	6QW8_A
ACQ42051.1	HBU6309474.1
ACQ42051.1	4XUZ_A
ACQ42051.1	6Z7I_A
ACQ42051.1	WP_080925126.1
ACQ42051.1	EJD7271252.1
ACQ42051.1	WP_086522936.1
ACQ42051.1	HBZ3504637.1
ACQ42051.1	WP_087760203.1
ACQ42051.1	WP_241333766.1
ACQ42051.1	ASR92171.1
ACQ42051.1	MBA2123321.1
ACQ42051.1	AOG15628.1
ACQ42051.1	WP_205426870.1
ACQ42051.1	ASR92166.1
ACQ42051.1	HBB1081391.1
ACQ42051.1	WP_140440880.1
ACQ42051.1	HBZ2933357.1
ACQ42051.1	QJD55864.1
ACQ42051.1	WP_094081358.1
ACQ42051.1	AKJ66833.1
ACQ42051.1	WP_071579732.1
ACQ42051.1	HBV3889726.1
ACQ42051.1	WP_259469108.1
ACQ42051.1	QGK89613.1
ACQ42051.1	WP_259271628.1
ACQ42051.1	QKV34851.1
ACQ42051.1	WP_077273757.1
ACQ42051.1	MQA50913.1
ACQ42051.1	HBB6147291.1
ACQ42051.1	AIC64465.1
ACQ42051.1	WP_063860036.1
ACQ42051.1	WP_136512064.1
ACQ42051.1	AIC64395.1
ACQ42051.1	WP_063859971.1
ACQ42051.1	WP_144330285.1
ACQ42051.1	AIC64472.1
ACQ42051.1	HBW4287625.1
ACQ42051.1	HCH8908878.1
ACQ42051.1	WP_188331865.1
ACQ42051.1	7U48_A
ACQ42051.1	WP_150340955.1
ACQ42051.1	AIC64453.1
ACQ42051.1	WP_109545062.1
ACQ42051.1	NPI00138.1
ACQ42051.1	HBA5502229.1
ACQ42051.1	WP_172690436.1
ACQ42051.1	WP_234256408.1
ACQ42051.1	AIC64374.1
ACQ42051.1	AIC64389.1
ACQ42051.1	AIC64316.1
ACQ42051.1	WP_032491264.1
ACQ42051.1	HBA5758634.1
ACQ42051.1	WP_065419569.1
ACQ42051.1	WP_202790472.1
ACQ42051.1	HBX6848749.1
ACQ42051.1	EKW4688598.1
ACQ42051.1	AIC64416.1
ACQ42051.1	ADA62547.1
ACQ42051.1	WP_222666113.1
ACQ42051.1	MCF0413777.1
ACQ42051.1	HBX6717572.1
ACQ42051.1	HCI7307613.1
ACQ42051.1	HBE8059049.1
ACQ42051.1	WP_104009848.1
ACQ42051.1	WP_000239590.1
ACQ42051.1	WP_139505415.1
ACQ42051.1	WP_064511490.1
ACQ42051.1	WP_172690312.1
ACQ42051.1	HAN6885124.1
ACQ42051.1	EFZ7205036.1
ACQ42051.1	HBR8487833.1
ACQ42051.1	HBT6057064.1
ACQ42051.1	WP_094166899.1
ACQ42051.1	WP_077767291.1
ACQ42051.1	HBQ2548060.1
ACQ42051.1	HDP7201742.1
ACQ42051.1	HBB6251169.1
ACQ42051.1	WP_110093562.1
ACQ42051.1	WP_290468347.1
ACQ42051.1	WP_156404651.1
ACQ42051.1	HCE0778855.1
ACQ42051.1	WP_124042446.1
ACQ42051.1	ADG01902.1
ACQ42051.1	MDE5245383.1
ACQ42051.1	WP_267347865.1
ACQ42051.1	AUT31161.1
ACQ42051.1	3ZNY_A
ACQ42051.1	HBQ7553825.1
ACQ42051.1	ABM88811.1
ACQ42051.1	7U4B_A
ACQ42051.1	ADA62537.1
ACQ42051.1	EGO3855302.1
ACQ42051.1	ADA62548.1
ACQ42051.1	WP_058670847.1
ACQ42051.1	EKM3408710.1
ACQ42051.1	AIC64452.1
ACQ42051.1	WP_290468346.1
ACQ42051.1	HBA5880542.1
ACQ42051.1	HCN7760296.1
ACQ42051.1	WP_063860052.1
ACQ42051.1	AIC64479.2
ACQ42051.1	AIC64373.1
ACQ42051.1	QBH72494.1
ACQ42051.1	HBR9984421.1
ACQ42051.1	WP_063860062.1
ACQ42051.1	AIC64380.1
ACQ42051.1	WP_032493168.1
ACQ42051.1	EFE7942478.1
ACQ42051.1	AIC64394.1
ACQ42051.1	HCS6633372.1
ACQ42051.1	ADR66515.1
ACQ42051.1	WP_063859984.1
ACQ42051.1	ADA62534.1
ACQ42051.1	WP_106106695.1
ACQ42051.1	HBB3448119.1
ACQ42051.1	ADA62543.1
ACQ42051.1	WP_063860078.1
ACQ42051.1	HCA3241489.1
ACQ42051.1	HBR3553998.1
ACQ42051.1	HCU3225769.1
ACQ42051.1	EKW0896222.1
ACQ42051.1	WP_063859976.1
ACQ42051.1	HCS5928266.1
ACQ42051.1	WP_262697122.1
ACQ42051.1	AIC64451.1
ACQ42051.1	WP_063859974.1
ACQ42051.1	HDC0129613.1
ACQ42051.1	AIC64427.1
ACQ42051.1	HBS2900949.1
ACQ42051.1	HAL2637919.1
ACQ42051.1	AKE33359.1
ACQ42051.1	HAM5046065.1
ACQ42051.1	AAB22638.1
ACQ42051.1	HDB9483979.1
ACQ42051.1	AYW51998.1
ACQ42051.1	HAJ4880032.1
ACQ42051.1	HAE1892709.1
ACQ42051.1	ABY86753.1
ACQ42051.1	WP_139947823.1
ACQ42051.1	WP_273655870.1
ACQ42051.1	ARJ31822.1
ACQ42051.1	ADA62511.1
ACQ42051.1	HAL3685999.1
ACQ42051.1	EIX9694006.1
ACQ42051.1	HBR2296559.1
ACQ42051.1	WP_063860045.1
ACQ42051.1	WP_063859923.1
ACQ42051.1	WP_085562400.1
ACQ42051.1	WP_063860043.1
ACQ42051.1	WP_252474087.1
ACQ42051.1	HAZ5469791.1
ACQ42051.1	HCC6243256.1
ACQ42051.1	PCQ19411.1
ACQ42051.1	WP_102607456.1
ACQ42051.1	WP_063859932.1
ACQ42051.1	WP_148044410.1
ACQ42051.1	AIC64460.1
ACQ42051.1	HBC1052274.1
ACQ42051.1	HBB3569546.1
ACQ42051.1	HCS6789214.1
ACQ42051.1	WP_150396014.1
ACQ42051.1	HCS6945671.1
ACQ42051.1	AIC64487.1
ACQ42051.1	HBM2822543.1
ACQ42051.1	WKB12816.1
ACQ42051.1	HBA5744760.1
ACQ42051.1	HBL8961832.1
ACQ42051.1	AMM70777.1
ACQ42051.1	AIC64444.1
ACQ42051.1	AIC64399.1
ACQ42051.1	AKE33357.1
ACQ42051.1	HAI7242547.1
ACQ42051.1	EJB9961455.1
ACQ42051.1	HBR9642242.1
ACQ42051.1	EHI3927746.1
ACQ42051.1	WP_271093867.1
ACQ42051.1	HCN8581762.1
ACQ42051.1	HCN4797409.1
ACQ42051.1	WP_089069314.1
ACQ42051.1	AEZ49548.1
ACQ42051.1	WP_286203295.1
ACQ42051.1	QGW61944.1
ACQ42051.1	AXF53818.1
ACQ42051.1	EFC4117514.1
ACQ42051.1	ADA62533.1
ACQ42051.1	AIC64455.1
ACQ42051.1	HAM8958257.1
ACQ42051.1	HDE0989626.1
ACQ42051.1	HBX7252955.1
ACQ42051.1	WP_136512065.1
ACQ42051.1	WP_188331864.1
ACQ42051.1	HBX1726415.1
ACQ42051.1	HBN2640394.1
ACQ42051.1	HCS6289767.1
ACQ42051.1	HBT3999550.1
ACQ42051.1	WP_077767290.1
ACQ42051.1	EKW4688596.1
ACQ42051.1	EKW4630798.1
ACQ42051.1	AEL20755.1
ACQ42051.1	WP_015387340.1
ACQ42051.1	WP_063859972.1
ACQ42051.1	EKW4688600.1
ACQ42051.1	AIC64341.1
ACQ42051.1	HBR8319977.1
ACQ42051.1	HCE4069809.1
ACQ42051.1	HCL6213146.1
ACQ42051.1	HBB9001569.1
ACQ42051.1	EFW4005114.1
ACQ42051.1	MDL6933517.1
ACQ42051.1	EKW7251370.1
ACQ42051.1	EGH9450531.1
ACQ42051.1	WP_078310611.1
ACQ42051.1	WP_262697123.1
ACQ42051.1	ADA62513.1
ACQ42051.1	HBT7517109.1
ACQ42051.1	WP_068981633.1
ACQ42051.1	WP_068981632.1
ACQ42051.1	HBR7605325.1
ACQ42051.1	EJD0360790.1
ACQ42051.1	AIC64456.1
ACQ42051.1	HAS2053307.1
ACQ42051.1	WP_111531608.1
ACQ42051.1	WP_279383147.1
ACQ42051.1	WP_063859998.1
ACQ42051.1	AIC64473.1
ACQ42051.1	HBX7219704.1
ACQ42051.1	HCU6293424.1
ACQ42051.1	WP_263598085.1
ACQ42051.1	6Z7J_A
ACQ42051.1	6Z7H_A
ACQ42051.1	HBA5698009.1
ACQ42051.1	ARJ31812.1
ACQ42051.1	WP_063859963.1
ACQ42051.1	WP_063860086.1
ACQ42051.1	WP_168247877.1
ACQ42051.1	HCN0833774.1
ACQ42051.1	WP_109545064.1
ACQ42051.1	HAI9650889.1
ACQ42051.1	HBN4755426.1
ACQ42051.1	HBX6922999.1
ACQ42051.1	EIW9170569.1
ACQ42051.1	HCN6286815.1
ACQ42051.1	HAM4970250.1
ACQ42051.1	HBX6901410.1
ACQ42051.1	HCB0304592.1
ACQ42051.1	AIC64474.1
ACQ42051.1	MDO2421107.1
ACQ42051.1	WP_063860067.1
ACQ42051.1	HBT3345120.1
ACQ42051.1	HCR2052939.1
ACQ42051.1	EKA8040553.1
ACQ42051.1	AIC64438.1
ACQ42051.1	HCI9678546.1
ACQ42051.1	HCA8580868.1
ACQ42051.1	WP_156404649.1
ACQ42051.1	HBR8476819.1
ACQ42051.1	HCD2118878.1
ACQ42051.1	EKO3017466.1
ACQ42051.1	AIC64488.1
ACQ42051.1	WP_151045339.1
ACQ42051.1	HDP9283972.1
ACQ42051.1	HBY2058962.1
ACQ42051.1	HCS2490921.1
ACQ42051.1	WP_063860061.1
ACQ42051.1	WP_109545060.1
ACQ42051.1	WP_063860035.1
ACQ42051.1	HAG9460517.1
ACQ42051.1	WP_088245211.1
ACQ42051.1	WP_063860081.1
ACQ42051.1	7QQC_A
ACQ42051.1	ASN77932.1
ACQ42051.1	ASN77934.1
ACQ42051.1	AIU96628.1
ACQ42051.1	AKJ66830.1
ACQ42051.1	AUG89514.1
ACQ42051.1	AKJ66832.1
ACQ42051.1	AYU65816.1
ACQ42051.1	WP_117046100.1
ACQ42051.1	AQX83283.1
ACQ42051.1	AWR17927.1
ACQ42051.1	AWJ58404.1
ACQ42051.1	WP_063859926.1
ACQ42051.1	HBB2526190.1
ACQ42051.1	EKV7993194.1
ACQ42051.1	WP_109791209.1
ACQ42051.1	WP_063860034.1
ACQ42051.1	HBN4417197.1
ACQ42051.1	HDB9157585.1
ACQ42051.1	HAM8865731.1
ACQ42051.1	HCS5932911.1
ACQ42051.1	HBB0355030.1
ACQ42051.1	ADA62523.1
ACQ42051.1	HCD5016451.1
ACQ42051.1	HBA5410335.1
ACQ42051.1	AIC64492.1
ACQ42051.1	HCE0235953.1
ACQ42051.1	HAN6562070.1
ACQ42051.1	EKW4534822.1
ACQ42051.1	WP_161348824.1
ACQ42051.1	QBH72497.1
ACQ42051.1	HCD9668586.1
ACQ42051.1	EJH5758422.1
ACQ42051.1	HBZ3463558.1
ACQ42051.1	WP_104009847.1
ACQ42051.1	WP_012579082.1
ACQ42051.1	HAI1269302.1
ACQ42051.1	AIC64325.1
ACQ42051.1	HCC6138136.1
ACQ42051.1	WP_168247876.1
ACQ42051.1	WP_088245215.1
ACQ42051.1	HAN6459298.1
ACQ42051.1	HAX2643037.1
ACQ42051.1	HCS6876326.1
ACQ42051.1	AIC64346.1
ACQ42051.1	ADA62550.1
ACQ42051.1	WP_109545061.1
ACQ42051.1	HBX6922998.1
ACQ42051.1	ECK3265379.1
ACQ42051.1	WP_117278377.1
ACQ42051.1	HCB2078856.1
ACQ42051.1	HBT6246973.1
ACQ42051.1	HCD4714736.1
ACQ42051.1	ADA62558.1
ACQ42051.1	WP_102607454.1
ACQ42051.1	HAX8382833.1
ACQ42051.1	HBA5763662.1
ACQ42051.1	HAI7634404.1
ACQ42051.1	AKO22315.1
ACQ42051.1	ALQ56937.1
ACQ42051.1	WP_169724452.1
ACQ42051.1	HAX5792112.1
ACQ42051.1	HAK9970284.1
ACQ42051.1	ADA62530.1
ACQ42051.1	AWY04220.1
ACQ42051.1	EIW9066336.1
ACQ42051.1	WP_156658722.1
ACQ42051.1	HBW8158159.1
ACQ42051.1	WP_063859965.1
ACQ42051.1	WP_063859973.1
ACQ42051.1	HAH0543395.1
ACQ42051.1	WP_069280706.1
ACQ42051.1	WP_242935024.1
ACQ42051.1	HAY2291644.1
ACQ42051.1	WP_063860009.1
ACQ42051.1	HAO3429080.1
ACQ42051.1	HAH0543392.1
ACQ42051.1	AIC64429.1
ACQ42051.1	HAN6562068.1
ACQ42051.1	AIC64489.1
ACQ42051.1	WP_063860070.1
ACQ42051.1	TZD93348.1
ACQ42051.1	HBN2640400.1
ACQ42051.1	AIC64359.1
ACQ42051.1	HAJ6547660.1
ACQ42051.1	WP_063859993.1
ACQ42051.1	HAX8477938.1
ACQ42051.1	WP_063860057.1
ACQ42051.1	EFT2984214.1
ACQ42051.1	EKW1896892.1
ACQ42051.1	HAS9030967.1
ACQ42051.1	8B2O_A
ACQ42051.1	HCN5324431.1
ACQ42051.1	ADA62535.1
ACQ42051.1	HCD7564120.1
ACQ42051.1	HBX6938931.1
ACQ42051.1	ADA62514.1
ACQ42051.1	EKU0511285.1
ACQ42051.1	HBA5405566.1
ACQ42051.1	HBA4073645.1
ACQ42051.1	MCW7021661.1
ACQ42051.1	HCN7641045.1
ACQ42051.1	HCJ4715575.1
ACQ42051.1	EHW3252931.1
ACQ42051.1	HBA5744758.1
ACQ42051.1	HCN6066854.1
ACQ42051.1	HBL8938971.1
ACQ42051.1	EKU5572727.1
ACQ42051.1	ADA62525.1
ACQ42051.1	EJT7571598.1
ACQ42051.1	AIC64369.1
ACQ42051.1	HCL1780895.1
ACQ42051.1	HDE2323460.1
ACQ42051.1	EKW5888120.1
ACQ42051.1	HCS0265021.1
ACQ42051.1	ADA62549.1
ACQ42051.1	HBA5744764.1
ACQ42051.1	HCP5013205.1
ACQ42051.1	VCX78112.1
ACQ42051.1	AEM44650.1
ACQ42051.1	HDP8019003.1
ACQ42051.1	HAJ6713050.1
ACQ42051.1	HCS6799407.1
ACQ42051.1	HAX5657867.1
ACQ42051.1	WP_232192666.1
ACQ42051.1	WP_032492553.1
ACQ42051.1	WP_252798335.1
ACQ42051.1	WP_172693825.1
ACQ42051.1	ADA62510.1
ACQ42051.1	WP_113398046.1
ACQ42051.1	HCO0375469.1
ACQ42051.1	EFN7056350.1
ACQ42051.1	HBA5329206.1
ACQ42051.1	HCE4251818.1
ACQ42051.1	AIC64482.1
ACQ42051.1	HCS6760917.1
ACQ42051.1	MBK3185231.1
ACQ42051.1	HBA5473853.1
ACQ42051.1	HAY2729111.1
ACQ42051.1	EJY8138851.1
ACQ42051.1	HAN5187397.1
ACQ42051.1	AEV41157.1
ACQ42051.1	AEM44651.1
ACQ42051.1	AER70366.1
ACQ42051.1	AQX83285.1
ACQ42051.1	ATG85023.1
ACQ42051.1	HAH0543389.1
ACQ42051.1	WP_013188475.1
ACQ42051.1	EDI1889151.1
ACQ42051.1	ADA62545.1
ACQ42051.1	EKJ5275040.1
ACQ42051.1	EKE4943501.1
ACQ42051.1	HCE0169915.1
ACQ42051.1	EIU7252414.1
ACQ42051.1	AIC64371.1
ACQ42051.1	WP_000239591.1
ACQ42051.1	EDX1335356.1
ACQ42051.1	EFP5336840.1
ACQ42051.1	ABO31382.1
ACQ42051.1	HCS1209941.1
ACQ42051.1	WP_063859954.1
ACQ42051.1	WP_032492042.1
ACQ42051.1	ADA62524.1
ACQ42051.1	HBA5805516.1
ACQ42051.1	MBK3099774.1
ACQ42051.1	7K2X_A
ACQ42051.1	7K2Y_A
ACQ42051.1	7QQ5_A
ACQ42051.1	MBK2969158.1
ACQ42051.1	AQX83282.1
ACQ42051.1	QXK91558.1
ACQ42051.1	QXK91559.1
ACQ42051.1	AKO22378.1
ACQ42051.1	AFK82163.1
ACQ42051.1	AIC64436.1
ACQ42051.1	WP_290468348.1
ACQ42051.1	HBA5425897.1
ACQ42051.1	ADA62556.1
ACQ42051.1	ADA62532.1
ACQ42051.1	HCO0185263.1
ACQ42051.1	HBE7417346.1
ACQ42051.1	HBN2640396.1
ACQ42051.1	AIC64418.1
ACQ42051.1	EJT7381956.1
ACQ42051.1	WP_063859949.1
ACQ42051.1	HBX6922997.1
ACQ42051.1	WP_012579062.1
ACQ42051.1	6MIA_A
ACQ42051.1	4UA6_A
ACQ42051.1	WP_208065735.1
ACQ42051.1	MCM8226297.1
ACQ42051.1	OZP29978.1
ACQ42051.1	WP_249540029.1
ACQ42051.1	HBZ2524139.1
ACQ42051.1	HBJ7131402.1
ACQ42051.1	WP_012881115.1
ACQ42051.1	ALI93209.1
ACQ42051.1	AOE48731.1
ACQ42051.1	HAJ2554277.1
ACQ42051.1	ONG05206.1
ACQ42051.1	QGJ84181.1
ACQ42051.1	WP_001617865.1
ACQ42051.1	HAX6180668.1
ACQ42051.1	MCA7868946.1
ACQ42051.1	EAR2795717.1
ACQ42051.1	ADA62536.1
ACQ42051.1	ADA62555.1
ACQ42051.1	AYN25057.1
ACQ42051.1	EIW9066334.1
ACQ42051.1	MCJ4267089.1
ACQ42051.1	HCL8563794.1
ACQ42051.1	HBA5702444.1
ACQ42051.1	HBQ7069504.1
ACQ42051.1	QGJ84179.1
ACQ42051.1	6GTH_A
ACQ42051.1	8AF8_A
ACQ42051.1	6J2B_A
ACQ42051.1	ABM88809.1
ACQ42051.1	HCC6648713.1
ACQ42051.1	MCI3623552.1
ACQ42051.1	HCE0113262.1
ACQ42051.1	ADA62539.1
ACQ42051.1	HBP7445929.1
ACQ42051.1	EIO1855925.1
ACQ42051.1	HAJ6713074.1
ACQ42051.1	WP_077767293.1
ACQ42051.1	AKO22318.1
ACQ42051.1	6V6P_A
ACQ42051.1	6V7T_A
ACQ42051.1	EKR5691153.1
ACQ42051.1	AEL20761.1
ACQ42051.1	WP_032495786.1
ACQ42051.1	EGI2653117.1
ACQ42051.1	HCS7258734.1
ACQ42051.1	EBC1507645.1
ACQ42051.1	EGE7123822.1
ACQ42051.1	MCM8203306.1
ACQ42051.1	WP_239739064.1
ACQ42051.1	EDA5460246.1
ACQ42051.1	AEL20759.1
ACQ42051.1	8DOD_A
ACQ42051.1	5U53_A
ACQ42051.1	6BT6_A
ACQ42051.1	HCN5165071.1
ACQ42051.1	EEL5040144.1
ACQ42051.1	AIC64409.1
ACQ42051.1	WP_072643680.1
ACQ42051.1	AEL20760.1
ACQ42051.1	HCV4219693.1
ACQ42051.1	HAX5987961.1
ACQ42051.1	EHN9175812.1
ACQ42051.1	EAB1549084.1
ACQ42051.1	HAO9859293.1
ACQ42051.1	WP_207077764.1
ACQ42051.1	EAT5805606.1
ACQ42051.1	HAL3099904.1
ACQ42051.1	4PM5_A
ACQ42051.1	2P74_A
ACQ42051.1	WP_208065721.1
ACQ42051.1	AEZ49557.1
ACQ42051.1	AQX83286.1
ACQ42051.1	HCQ0482401.1
ACQ42051.1	ABY66120.1
ACQ42051.1	HAJ3962358.1
ACQ42051.1	WP_128268235.1
ACQ42051.1	EKA7069791.1
ACQ42051.1	WP_063859927.1
ACQ42051.1	EBI1192953.1
ACQ42051.1	WP_032489926.1
ACQ42051.1	WP_213994580.1
ACQ42051.1	AMR68880.1
ACQ42051.1	EBA0835245.1
ACQ42051.1	EKE8823734.1
ACQ42051.1	EDG7171686.1
ACQ42051.1	EDH2683873.1
ACQ42051.1	EJI4966214.1
ACQ42051.1	ECB1036466.1
ACQ42051.1	WP_063860088.1
ACQ42051.1	ECK6222765.1
ACQ42051.1	AEL20757.1
ACQ42051.1	CAF2845110.1
ACQ42051.1	WGZ82382.1
ACQ42051.1	6D7I_A
ACQ42051.1	AKH80296.1
ACQ42051.1	WP_162648854.1
ACQ42051.1	AKO22377.1
ACQ42051.1	HBI4695265.1
ACQ42051.1	EDS9724909.1
ACQ42051.1	HAM7247184.1
ACQ42051.1	WP_063860059.1
ACQ42051.1	EJJ7656745.1
ACQ42051.1	WP_063860082.1
ACQ42051.1	WP_102607451.1
ACQ42051.1	WP_063860083.1
ACQ42051.1	HBE0771078.1
ACQ42051.1	EJJ6048227.1
ACQ42051.1	AKO22320.1
ACQ42051.1	HCL1700246.1
ACQ42051.1	WP_063860039.1
ACQ42051.1	WP_106924209.1
ACQ42051.1	HCU4998915.1
ACQ42051.1	HBA5951762.1
ACQ42051.1	EKG7968469.1
ACQ42051.1	4PM7_A
ACQ42051.1	1YLP_A
ACQ42051.1	AIU96638.1
ACQ42051.1	AIU96620.1
ACQ42051.1	AKJ66831.1
ACQ42051.1	AKJ66835.1
ACQ42051.1	QBO66693.1
ACQ42051.1	YP_009293523.1
ACQ42051.1	AFN82099.1
ACQ42051.1	WP_151366597.1
ACQ42051.1	ABK06382.1
ACQ42051.1	QGJ84178.1
ACQ42051.1	HAY2414954.1
ACQ42051.1	ECK1417642.1
ACQ42051.1	EHT4410896.1
ACQ42051.1	HBC1331721.1
ACQ42051.1	MBL1559419.1
ACQ42051.1	HAT0708882.1
ACQ42051.1	EHG9465914.1
ACQ42051.1	HCS6613863.1
ACQ42051.1	HAO3246305.1
ACQ42051.1	AAT45018.1
ACQ42051.1	HAG7977688.1
ACQ42051.1	HBQ7401937.1
ACQ42051.1	HBX0537502.1
ACQ42051.1	AAT45022.1
ACQ42051.1	QGJ84174.1
ACQ42051.1	EFO4131887.1
ACQ42051.1	8DOE_A
ACQ42051.1	AKE33358.1
ACQ42051.1	HDS3460589.1
ACQ42051.1	WP_063859947.1
ACQ42051.1	WP_063859925.1
ACQ42051.1	EDT8234451.1
ACQ42051.1	5KMT_A
ACQ42051.1	HAN1894760.1
ACQ42051.1	ADU56216.1
ACQ42051.1	AAT45026.1
ACQ42051.1	WP_063859975.1
ACQ42051.1	6V6G_A
ACQ42051.1	HBQ7106653.1
ACQ42051.1	EGZ5408788.1
ACQ42051.1	6V8V_A
ACQ42051.1	5KMU_A
ACQ42051.1	HBE2065522.1
ACQ42051.1	WP_032495798.1
ACQ42051.1	EFD1035319.1
ACQ42051.1	WP_213841680.1
ACQ42051.1	EHP3783289.1
ACQ42051.1	AIU96651.1
ACQ42051.1	AKJ66829.1
ACQ42051.1	AFS33286.1
ACQ42051.1	ACR56347.1
ACQ42051.1	AEL20765.1
ACQ42051.1	WP_077767292.1
ACQ42051.1	HCN0566875.1
ACQ42051.1	EJF0601879.1
ACQ42051.1	HCE4241883.1
ACQ42051.1	HAY3052650.1
ACQ42051.1	HAJ0000770.1
ACQ42051.1	HCU1522322.1
ACQ42051.1	HAJ0110657.1
ACQ42051.1	EKJ1168513.1
ACQ42051.1	WP_063860080.1
ACQ42051.1	AXF53864.1
ACQ42051.1	QXK91556.1
ACQ42051.1	AOG15851.1
ACQ42051.1	HAZ5726311.1
ACQ42051.1	HCN5174750.1
ACQ42051.1	WP_110092882.1
ACQ42051.1	AFH89469.1
ACQ42051.1	HCO1373868.1
ACQ42051.1	EKM7484631.1
ACQ42051.1	AFN66245.1
ACQ42051.1	AFN66246.1
ACQ42051.1	ARJ31859.1
ACQ42051.1	HCC6465025.1
ACQ42051.1	BCT55104.1
ACQ42051.1	AJW82219.1
ACQ42051.1	QGJ03347.1
ACQ42051.1	HCO2582806.1
ACQ42051.1	AIU96622.1
ACQ42051.1	HBE0899181.1
ACQ42051.1	ARJ31801.1
ACQ42051.1	AAY58238.1
ACQ42051.1	QBH72503.1
ACQ42051.1	WP_071057688.1
ACQ42051.1	QGJ03334.1
ACQ42051.1	AFN66243.1
ACQ42051.1	WP_100663667.1
ACQ42051.1	AGO18330.1
ACQ42051.1	AEG78955.1
ACQ42051.1	UMX89856.1
ACQ42051.1	AAY58237.1
ACQ42051.1	AFN66248.1
ACQ42051.1	AFN66260.1
ACQ42051.1	AFN66261.1
ACQ42051.1	HAJ0130520.1
ACQ42051.1	AFN66256.1
ACQ42051.1	BCT55101.1
ACQ42051.1	AFN66251.1
ACQ42051.1	WP_072652472.1
ACQ42051.1	AMM70778.1
ACQ42051.1	WP_065203538.1
ACQ42051.1	WP_174333309.1
ACQ42051.1	AFN66253.1
ACQ42051.1	UBU33038.1
ACQ42051.1	UBU33222.1
ACQ42051.1	UBU33223.1
ACQ42051.1	AXH80214.1
ACQ42051.1	BBA54309.1
ACQ42051.1	AKE47622.1
ACQ42051.1	ABG46354.1
ACQ42051.1	AOG15886.1
ACQ42051.1	TZE17126.1
ACQ42051.1	KQN54765.1
ACQ42051.1	AFN82083.1
ACQ42051.1	ABG46356.1
ACQ42051.1	HCN6987441.1
ACQ42051.1	AOG15843.1
ACQ42051.1	AGN75108.1
ACQ42051.1	AAL68824.1
ACQ42051.1	AGM37757.1
ACQ42051.1	WP_195854952.1
ACQ42051.1	WP_224239141.1
ACQ42051.1	WP_064396914.1
ACQ42051.1	WP_234283934.1
ACQ42051.1	WP_063864553.1
ACQ42051.1	HBN5848156.1
ACQ42051.1	HBM2982850.1
ACQ42051.1	HCB2945454.1
ACQ42051.1	WP_089078585.1
ACQ42051.1	HCD1880922.1
ACQ42051.1	ACV88640.1
ACQ42051.1	WDW19562.1
ACQ42051.1	HAP3213748.1
ACQ42051.1	VCV70199.1
ACQ42051.1	SYS88747.1
ACQ42051.1	HCL6693098.1
ACQ42051.1	MCA7046358.1
ACQ42051.1	ADR66026.1
ACQ42051.1	CAQ76653.1
ACQ42051.1	WP_218465659.1
ACQ42051.1	HBE7417355.1
ACQ42051.1	QCR37969.1
MBK3174165.1	MBK3174165.1
WP_065763980.1	WP_283027383.1
WP_129442701.1	HAX6836691.1
WP_129442701.1	HCJ4852438.1
BCM60043.1	BCM60043.1
HBB1959551.1	HBB1959551.1
ATB18103.1	ATB18103.1
QCP70777.1	QCP70777.1
QCP70785.1	QCP70785.1
EKX2900598.1	EKX2900598.1
EKV4629576.1	EKV4629576.1
WP_038435077.1	WP_038435077.1
QCP70784.1	QCP70784.1
WP_097370311.1	CAD20592.1
EIV3294224.1	EIV3294224.1
MBK3034935.1	MBK3034935.1
AMP51912.1	QGJ84171.1
WP_181683916.1	QCP70789.1
WP_181683916.1	AMJ37953.1
WP_181683916.1	WP_201160391.1
WP_181683916.1	WP_042287632.1
WP_181683916.1	EGT4252828.1
WP_181683916.1	WP_063851288.1
WP_181683916.1	HAH4569687.1
WP_181683916.1	HAV2334348.1
WP_181683916.1	WP_255850390.1
WP_181683916.1	WP_221027655.1
WP_181683916.1	HCN3288770.1
WP_181683916.1	WP_063864546.1
WP_181683916.1	1HZO_A
WP_181683916.1	WP_072068253.1
WP_181683916.1	P80298.1
WP_181683916.1	WP_109847369.1
QGW61929.1	QGW61929.1
EDW9556666.1	AVE02161.1
EDW9556666.1	WEA84554.1
EDW9556666.1	EKU7652135.1
EDW9556666.1	EEI8166200.1
EDW9556666.1	WP_275477528.1
EDW9556666.1	AGI41341.1
WP_259630539.1	WP_259630539.1
HCJ3123002.1	HCJ3123002.1
QGW61938.1	QGW61938.1
EAR2870770.1	EAR2870770.1
HCN6633567.1	HCN6633567.1
HBK9712685.1	HBK9712685.1
HBZ4277363.1	HBZ4277363.1
WP_057649757.1	HBE9088567.1
WP_057649757.1	BBZ90091.1
WP_057649757.1	WP_179245793.1
WP_057649757.1	WP_074031109.1
WP_057649757.1	WP_179247483.1
WP_057649757.1	WP_202810186.1
WP_057649757.1	WP_166734972.1
WP_057649757.1	WP_209522946.1
WP_057649757.1	WP_063860492.1
WP_057649757.1	BBZ90092.1
WP_057649757.1	WP_279240771.1
WP_057649757.1	HBE9179386.1
WP_057649757.1	HCC6977840.1
WP_057649757.1	WP_149289646.1
WP_057649757.1	WP_063864557.1
WP_057649757.1	WP_120509460.1
WP_057649757.1	HAU5056682.1
WP_057649757.1	EAN8162649.1
WP_057649757.1	ADI82848.1
WP_057649757.1	WP_121019894.1
WP_057649757.1	WP_181246811.1
WP_057649757.1	WP_274587601.1
WP_057649757.1	WP_112151423.1
WP_057649757.1	HBZ2911330.1
WP_057649757.1	WP_153375242.1
WP_057649757.1	HBZ2911160.1
WP_057649757.1	WP_194512450.1
WP_057649757.1	WP_242662832.1
WP_057649757.1	PLL96100.1
WP_057649757.1	MDN5370739.1
WP_057649757.1	WP_089517374.1
WP_057649757.1	WP_110015089.1
WP_057649757.1	WP_210456236.1
EFL6997494.1	EFL6997494.1
AHY82486.1	AHY82486.1
SCZ84127.1	SCZ84127.1
WEA84557.1	WEA84557.1
WP_149842422.1	WP_149842422.1
ADG36732.1	ADG36732.1
EJJ5609724.1	EJJ5609724.1
WP_038243114.1	WP_038243114.1
WP_072662097.1	WP_072662097.1
WP_080855570.1	WP_080855570.1
AXH80223.1	AXH80223.1
AGS09434.1	AGS09434.1
ACT35310.1	ACT35310.1
ALD88851.1	ALD88851.1
QWK76628.1	QWK76628.1
WP_050916711.1	WP_145606815.1
WP_050916711.1	WP_075338480.1
WP_050916711.1	WP_221871075.1
WP_050916711.1	EKN4800862.1
WP_050916711.1	WP_050318352.1
AXH80216.1	AXH80216.1
ATD53430.1	ATD53430.1
AEN75340.1	AEN75340.1
QEN99236.1	QEN99236.1
WBK39299.1	WBK39299.1
WP_197873165.1	WP_197873165.1
ASZ00339.1	ASZ00339.1
WP_059892309.1	WP_049109871.1
WP_059892309.1	WP_059741916.1
WP_140951704.1	WP_140951704.1
EKO4439251.1	EKO4439251.1
VDA77563.1	VDA77563.1
WP_161722268.1	WP_203272725.1
QJD90484.1	QJD90484.1
WEM34160.1	WEM32883.1
WP_260173885.1	WP_260173885.1
OWA67383.1	HCD4342319.1
PKR56222.1	OSQ44264.1
MBP9217454.1	AXL27566.1
MBP9217454.1	HBT6180280.1
MBP9217454.1	AIW74130.1
MBP9217454.1	HBR8369936.1
MBP9217454.1	AAD22145.1
MBP9217454.1	WP_282563773.1
MBP9217454.1	QDE47049.1
MBP9217454.1	CBL44080.1
PIS01008.1	PIS01008.1
WP_073218605.1	WP_073218605.1
RZJ83743.1	RZJ83743.1
WP_036207129.1	AIA16945.1
WP_036207129.1	WP_027867081.1
WP_273727779.1	WP_140903207.1
WP_273727779.1	KAB0571012.1
MAB33541.1	MAB33541.1
WP_050478791.1	WP_050478791.1
WP_139950623.1	WP_136355450.1
AUT31224.1	WP_052496857.1
AUT31224.1	KQR35546.1
WP_255503230.1	QGM47990.1
MDD9335336.1	MDD9335336.1
WP_230427930.1	WP_230427930.1
WP_244651067.1	WP_244651067.1
WP_213160814.1	WP_213160814.1
WP_018427743.1	WP_077982685.1
WP_076892950.1	WP_009895222.1
WP_076892950.1	WP_141404421.1
WP_076892950.1	WP_151270022.1
WP_010299692.1	WP_010299692.1
MCC7037918.1	MCC7037918.1
HJD62242.1	HJD62242.1
WP_092970773.1	WP_296223762.1
WP_092970773.1	WP_199030810.1
WP_156409976.1	WP_156409976.1
WP_200951569.1	WP_200951569.1
MCC8418906.1	MCC8418906.1
WP_107991498.1	WP_107991498.1
WP_150823471.1	WP_025139092.1
WP_229224185.1	WP_229224185.1
WP_147910758.1	WP_147910758.1
KQV59893.1	KQV59893.1
HCQ7830118.1	HCQ7830118.1
HCB3036290.1	HBS5466026.1
WP_198005276.1	WP_198005276.1
WP_250814293.1	WP_250814293.1
EJR9066435.1	EJR9066435.1
WP_126076977.1	NRR30677.1
WP_126076977.1	MBC7685044.1
WP_126076977.1	WP_071658926.1
EFH3374501.1	EFH3374501.1
WP_095402675.1	PHX39473.1
WP_095402675.1	WP_150058265.1
ADU56224.1	ADU56224.1
BBE70251.1	BBE70251.1
WP_280939056.1	WP_280939056.1
ALL97564.1	ALL97564.1
WP_289466821.1	WP_289466821.1
